from_id,to_id
CTASK0001,A001
CTASK0002,A001
CTASK0003,A002
CTASK0004,A002
CTASK0005,A003
CTASK0006,A003
CTASK0007,A004
CTASK0008,A004
CTASK0009,A005
CTASK0010,A005
CTASK0011,A006
CTASK0012,A006
CTASK0013,A007
CTASK0014,A007
CTASK0015,A008
CTASK0016,A008
CTASK0017,A009
CTASK0018,A009
CTASK0019,A010
CTASK0020,A010
CTASK0021,A011
CTASK0022,A011
CTASK0023,A012
CTASK0024,A012
CTASK0025,A013
CTASK0026,A013
CTASK0027,A014
CTASK0028,A014
CTASK0029,A015
CTASK0030,A015
CTASK0031,A016
CTASK0032,A016
CTASK0033,A017
CTASK0034,A017
CTASK0035,A018
CTASK0036,A018
CTASK0037,A019
CTASK0038,A019
CTASK0039,A020
CTASK0040,A020
CTASK0041,A021
CTASK0042,A021
CTASK0043,A022
CTASK0044,A022
CTASK0045,A023
CTASK0046,A023
CTASK0047,A024
CTASK0048,A024
CTASK0049,A025
CTASK0050,A025
CTASK0051,A026
CTASK0052,A026
CTASK0053,A027
CTASK0054,A027
CTASK0055,A028
CTASK0056,A028
CTASK0057,A029
CTASK0058,A029
CTASK0059,A030
CTASK0060,A030
CTASK0061,A031
CTASK0062,A032
CTASK0063,A033
CTASK0064,A034
CTASK0065,A035
CTASK0066,A036
CTASK0067,A037
CTASK0068,A038
CTASK0069,A039
CTASK0070,A040
CTASK0071,A041
CTASK0072,A042
CTASK0073,A043
CTASK0074,A044
CTASK0075,A045
CTASK0076,A046
CTASK0077,A047
CTASK0078,A048
CTASK0079,A049
CTASK0080,A050
CTASK0081,A051
CTASK0082,A052
CTASK0083,A053
CTASK0084,A054
CTASK0085,A055
CTASK0086,A056
CTASK0087,A057
CTASK0088,A058
CTASK0089,A059
CTASK0090,A060
