account_id,account_name,account_type,status,opened_date,current_value
AC00001,Whitfield Traditional IRA,IRA,ACTIVE,2025-06-11,116063.55
AC00002,Whitfield Managed Portfolio,MANAGED,ACTIVE,2025-05-22,141855.45
AC00003,Calloway Family Trust Account,TRUST,ACTIVE,2025-05-02,119627.1
AC00004,Calloway Individual Brokerage,BROKERAGE,ACTIVE,2025-04-12,146210.9
AC00005,Sinclair Traditional IRA,IRA,ACTIVE,2025-03-23,123190.65
AC00006,Sinclair Managed Portfolio,MANAGED,ACTIVE,2025-03-03,150566.35
AC00007,Pemberton Family Trust Account,TRUST,ACTIVE,2025-02-11,126754.2
AC00008,Pemberton Individual Brokerage,BROKERAGE,ACTIVE,2025-01-22,154921.8
AC00009,Ashworth Traditional IRA,IRA,ACTIVE,2025-01-02,130317.75
AC00010,Ashworth Managed Portfolio,MANAGED,ACTIVE,2024-12-13,159277.25
AC00011,Lockhart Family Trust Account,TRUST,ACTIVE,2024-11-23,133881.3
AC00012,Lockhart Individual Brokerage,BROKERAGE,ACTIVE,2024-11-03,163632.7
AC00013,Fairbanks Traditional IRA,IRA,ACTIVE,2024-10-14,137444.85
AC00014,Fairbanks Managed Portfolio,MANAGED,ACTIVE,2024-09-24,167988.15
AC00015,Winslow Family Trust Account,TRUST,ACTIVE,2024-09-04,141008.4
AC00016,Winslow Individual Brokerage,BROKERAGE,ACTIVE,2024-08-15,172343.6
AC00017,Hargrove Traditional IRA,IRA,ACTIVE,2024-07-26,144571.95
AC00018,Hargrove Managed Portfolio,MANAGED,ACTIVE,2024-07-06,176699.05
AC00019,Ellsworth Family Trust Account,TRUST,ACTIVE,2024-06-16,148135.5
AC00020,Ellsworth Individual Brokerage,BROKERAGE,ACTIVE,2024-05-27,181054.5
AC00021,Mercer Traditional IRA,IRA,ACTIVE,2024-05-07,151699.05
AC00022,Mercer Managed Portfolio,MANAGED,ACTIVE,2024-04-17,185409.95
AC00023,Thornton Family Trust Account,TRUST,ACTIVE,2024-03-28,155262.6
AC00024,Thornton Individual Brokerage,BROKERAGE,ACTIVE,2024-03-08,189765.4
AC00025,Caldwell Traditional IRA,IRA,ACTIVE,2024-02-17,158826.15
AC00026,Caldwell Managed Portfolio,MANAGED,ACTIVE,2024-01-28,194120.85
AC00027,Prescott Family Trust Account,TRUST,ACTIVE,2024-01-08,162389.7
AC00028,Prescott Individual Brokerage,BROKERAGE,ACTIVE,2023-12-19,198476.3
AC00029,Vandenberg Traditional IRA,IRA,ACTIVE,2023-11-29,165953.25
AC00030,Vandenberg Managed Portfolio,MANAGED,ACTIVE,2023-11-09,202831.75
AC00031,Ridgeway Family Trust Account,TRUST,ACTIVE,2023-10-20,169516.8
AC00032,Ridgeway Individual Brokerage,BROKERAGE,ACTIVE,2023-09-30,207187.2
AC00033,Montgomery Traditional IRA,IRA,ACTIVE,2023-09-10,173080.35
AC00034,Montgomery Managed Portfolio,MANAGED,ACTIVE,2023-08-21,211542.65
AC00035,Blackwood Family Trust Account,TRUST,ACTIVE,2023-08-01,176643.9
AC00036,Blackwood Individual Brokerage,BROKERAGE,ACTIVE,2023-07-12,215898.1
AC00037,Sterling Traditional IRA,IRA,ACTIVE,2023-06-22,180207.45
AC00038,Sterling Managed Portfolio,MANAGED,ACTIVE,2023-06-02,220253.55
AC00039,Kensington Family Trust Account,TRUST,ACTIVE,2023-05-13,183771.0
AC00040,Kensington Individual Brokerage,BROKERAGE,ACTIVE,2023-04-23,224609.0
AC00041,Abernathy Traditional IRA,IRA,ACTIVE,2023-04-03,187334.55
AC00042,Abernathy Managed Portfolio,MANAGED,ACTIVE,2023-03-14,228964.45
AC00043,Beaumont Family Trust Account,TRUST,ACTIVE,2023-02-22,190898.1
AC00044,Beaumont Individual Brokerage,BROKERAGE,ACTIVE,2023-02-02,233319.9
AC00045,Carrington Traditional IRA,IRA,ACTIVE,2023-01-13,194461.65
AC00046,Carrington Managed Portfolio,MANAGED,ACTIVE,2022-12-24,237675.35
AC00047,Delacroix Family Trust Account,TRUST,ACTIVE,2022-12-04,198025.2
AC00048,Delacroix Individual Brokerage,BROKERAGE,ACTIVE,2022-11-14,242030.8
AC00049,Everhart Traditional IRA,IRA,ACTIVE,2022-10-25,201588.75
AC00050,Everhart Managed Portfolio,MANAGED,ACTIVE,2022-10-05,246386.25
AC00051,Fitzgerald Family Trust Account,TRUST,ACTIVE,2022-09-15,205152.3
AC00052,Fitzgerald Individual Brokerage,BROKERAGE,ACTIVE,2022-08-26,250741.7
AC00053,Galloway Traditional IRA,IRA,ACTIVE,2022-08-06,208715.85
AC00054,Galloway Managed Portfolio,MANAGED,ACTIVE,2022-07-17,255097.15
AC00055,Harrington Family Trust Account,TRUST,ACTIVE,2022-06-27,212279.4
AC00056,Harrington Individual Brokerage,BROKERAGE,ACTIVE,2022-06-07,259452.6
AC00057,Ingram Traditional IRA,IRA,ACTIVE,2022-05-18,215842.95
AC00058,Ingram Managed Portfolio,MANAGED,ACTIVE,2022-04-28,263808.05
AC00059,Jennings Family Trust Account,TRUST,ACTIVE,2022-04-08,219406.5
AC00060,Jennings Individual Brokerage,BROKERAGE,ACTIVE,2022-03-19,268163.5
AC00061,Kirkland Traditional IRA,IRA,ACTIVE,2022-02-27,222970.05
AC00062,Kirkland Managed Portfolio,MANAGED,ACTIVE,2022-02-07,272518.95
AC00063,Langford Family Trust Account,TRUST,ACTIVE,2022-01-18,226533.6
AC00064,Langford Individual Brokerage,BROKERAGE,ACTIVE,2021-12-29,276874.4
AC00065,Marchetti Traditional IRA,IRA,ACTIVE,2021-12-09,230097.15
AC00066,Marchetti Managed Portfolio,MANAGED,ACTIVE,2021-11-19,281229.85
AC00067,Northrup Family Trust Account,TRUST,ACTIVE,2021-10-30,233660.7
AC00068,Northrup Individual Brokerage,BROKERAGE,ACTIVE,2021-10-10,285585.3
AC00069,Oakes Traditional IRA,IRA,ACTIVE,2021-09-20,237224.25
AC00070,Oakes Managed Portfolio,MANAGED,ACTIVE,2021-08-31,289940.75
AC00071,Pennington Family Trust Account,TRUST,ACTIVE,2021-08-11,240787.8
AC00072,Pennington Individual Brokerage,BROKERAGE,ACTIVE,2021-07-22,294296.2
AC00073,Quimby Traditional IRA,IRA,ACTIVE,2021-07-02,244351.35
AC00074,Quimby Managed Portfolio,MANAGED,ACTIVE,2021-06-12,298651.65
AC00075,Rothschild Family Trust Account,TRUST,ACTIVE,2021-05-23,247914.9
AC00076,Rothschild Individual Brokerage,BROKERAGE,ACTIVE,2021-05-03,303007.1
AC00077,Saunders Traditional IRA,IRA,ACTIVE,2021-04-13,251478.45
AC00078,Saunders Managed Portfolio,MANAGED,ACTIVE,2021-03-24,307362.55
AC00079,Templeton Family Trust Account,TRUST,ACTIVE,2021-03-04,255042.0
AC00080,Templeton Individual Brokerage,BROKERAGE,ACTIVE,2021-02-12,311718.0
AC00081,Underwood Traditional IRA,IRA,ACTIVE,2021-01-23,258605.55
AC00082,Underwood Managed Portfolio,MANAGED,ACTIVE,2021-01-03,316073.45
AC00083,Vaughn Family Trust Account,TRUST,ACTIVE,2020-12-14,262169.1
AC00084,Vaughn Individual Brokerage,BROKERAGE,ACTIVE,2020-11-24,320428.9
AC00085,Wexler Traditional IRA,IRA,ACTIVE,2020-11-04,265732.65
AC00086,Wexler Managed Portfolio,MANAGED,ACTIVE,2020-10-15,324784.35
AC00087,Yates Family Trust Account,TRUST,ACTIVE,2020-09-25,269296.2
AC00088,Yates Individual Brokerage,BROKERAGE,ACTIVE,2020-09-05,329139.8
AC00089,Zimmerman Traditional IRA,IRA,ACTIVE,2020-08-16,272859.75
AC00090,Zimmerman Managed Portfolio,MANAGED,ACTIVE,2020-07-27,333495.25
AC00091,Alcott Family Trust Account,TRUST,ACTIVE,2020-07-07,276423.3
AC00092,Alcott Individual Brokerage,BROKERAGE,ACTIVE,2020-06-17,337850.7
AC00093,Bradshaw Traditional IRA,IRA,ACTIVE,2020-05-28,279986.85
AC00094,Bradshaw Managed Portfolio,MANAGED,ACTIVE,2020-05-08,342206.15
AC00095,Chamberlain Family Trust Account,TRUST,ACTIVE,2020-04-18,283550.4
AC00096,Chamberlain Individual Brokerage,BROKERAGE,ACTIVE,2020-03-29,346561.6
AC00097,Donnelly Traditional IRA,IRA,ACTIVE,2020-03-09,287113.95
AC00098,Donnelly Managed Portfolio,MANAGED,ACTIVE,2020-02-18,350917.05
AC00099,Eastman Family Trust Account,TRUST,ACTIVE,2020-01-29,290677.5
AC00100,Eastman Individual Brokerage,BROKERAGE,ACTIVE,2020-01-09,355272.5
AC00101,Falkner Traditional IRA,IRA,ACTIVE,2019-12-20,294241.05
AC00102,Falkner Managed Portfolio,MANAGED,ACTIVE,2019-11-30,359627.95
AC00103,Granger Family Trust Account,TRUST,ACTIVE,2019-11-10,297804.6
AC00104,Granger Individual Brokerage,BROKERAGE,ACTIVE,2019-10-21,363983.4
AC00105,Holloway Traditional IRA,IRA,ACTIVE,2019-10-01,301368.15
AC00106,Holloway Managed Portfolio,MANAGED,ACTIVE,2019-09-11,368338.85
AC00107,Irving Family Trust Account,TRUST,ACTIVE,2019-08-22,304931.7
AC00108,Irving Individual Brokerage,BROKERAGE,ACTIVE,2019-08-02,372694.3
AC00109,Jamison Traditional IRA,IRA,ACTIVE,2019-07-13,308495.25
AC00110,Jamison Managed Portfolio,MANAGED,ACTIVE,2019-06-23,377049.75
AC00111,Keating Family Trust Account,TRUST,ACTIVE,2019-06-03,312058.8
AC00112,Keating Individual Brokerage,BROKERAGE,ACTIVE,2019-05-14,381405.2
AC00113,Lancaster Traditional IRA,IRA,ACTIVE,2019-04-24,315622.35
AC00114,Lancaster Managed Portfolio,MANAGED,ACTIVE,2019-04-04,385760.65
AC00115,Middleton Family Trust Account,TRUST,ACTIVE,2019-03-15,319185.9
AC00116,Middleton Individual Brokerage,BROKERAGE,ACTIVE,2019-02-23,390116.1
AC00117,Nakamura Traditional IRA,IRA,ACTIVE,2019-02-03,322749.45
AC00118,Nakamura Managed Portfolio,MANAGED,ACTIVE,2019-01-14,394471.55
AC00119,Ortega Family Trust Account,TRUST,ACTIVE,2018-12-25,326313.0
AC00120,Ortega Individual Brokerage,BROKERAGE,ACTIVE,2018-12-05,398827.0
AC00121,Pruitt Traditional IRA,IRA,ACTIVE,2018-11-15,329876.55
AC00122,Pruitt Managed Portfolio,MANAGED,ACTIVE,2018-10-26,403182.45
AC00123,Quinn Family Trust Account,TRUST,ACTIVE,2018-10-06,333440.1
AC00124,Quinn Individual Brokerage,BROKERAGE,ACTIVE,2018-09-16,407537.9
AC00125,Radcliffe Traditional IRA,IRA,ACTIVE,2018-08-27,337003.65
AC00126,Radcliffe Managed Portfolio,MANAGED,ACTIVE,2018-08-07,411893.35
AC00127,Stanhope Family Trust Account,TRUST,ACTIVE,2018-07-18,340567.2
AC00128,Stanhope Individual Brokerage,BROKERAGE,ACTIVE,2018-06-28,416248.8
AC00129,Tanaka Traditional IRA,IRA,ACTIVE,2018-06-08,344130.75
AC00130,Tanaka Managed Portfolio,MANAGED,ACTIVE,2018-05-19,420604.25
AC00131,Urbina Family Trust Account,TRUST,ACTIVE,2018-04-29,347694.3
AC00132,Urbina Individual Brokerage,BROKERAGE,ACTIVE,2018-04-09,424959.7
AC00133,Villanueva Traditional IRA,IRA,ACTIVE,2018-03-20,351257.85
AC00134,Villanueva Managed Portfolio,MANAGED,ACTIVE,2018-02-28,429315.15
AC00135,Weatherford Family Trust Account,TRUST,ACTIVE,2018-02-08,354821.4
AC00136,Weatherford Individual Brokerage,BROKERAGE,ACTIVE,2018-01-19,433670.6
AC00137,Xu Traditional IRA,IRA,ACTIVE,2017-12-30,358384.95
AC00138,Xu Managed Portfolio,MANAGED,ACTIVE,2017-12-10,438026.05
AC00139,Youngblood Family Trust Account,TRUST,ACTIVE,2017-11-20,361948.5
AC00140,Youngblood Individual Brokerage,BROKERAGE,ACTIVE,2017-10-31,442381.5
AC00141,Ziegler Traditional IRA,IRA,ACTIVE,2017-10-11,365512.05
AC00142,Ziegler Managed Portfolio,MANAGED,ACTIVE,2017-09-21,446736.95
AC00143,Armitage Family Trust Account,TRUST,ACTIVE,2017-09-01,369075.6
AC00144,Armitage Individual Brokerage,BROKERAGE,ACTIVE,2017-08-12,451092.4
AC00145,Boswell Traditional IRA,IRA,ACTIVE,2017-07-23,372639.15
AC00146,Boswell Managed Portfolio,MANAGED,ACTIVE,2017-07-03,455447.85
AC00147,Cavanaugh Family Trust Account,TRUST,ACTIVE,2017-06-13,376202.7
AC00148,Cavanaugh Individual Brokerage,BROKERAGE,ACTIVE,2017-05-24,459803.3
AC00149,Drummond Traditional IRA,IRA,ACTIVE,2017-05-04,379766.25
AC00150,Drummond Managed Portfolio,MANAGED,ACTIVE,2017-04-14,464158.75
AC00151,Eckhart Family Trust Account,TRUST,ACTIVE,2017-03-25,383329.8
AC00152,Eckhart Individual Brokerage,BROKERAGE,ACTIVE,2017-03-05,468514.2
AC00153,Farnsworth Traditional IRA,IRA,ACTIVE,2017-02-13,386893.35
AC00154,Farnsworth Managed Portfolio,MANAGED,ACTIVE,2017-01-24,472869.65
AC00155,Goldstein Family Trust Account,TRUST,ACTIVE,2017-01-04,390456.9
AC00156,Goldstein Individual Brokerage,BROKERAGE,ACTIVE,2016-12-15,477225.1
AC00157,Hutchinson Traditional IRA,IRA,ACTIVE,2016-11-25,394020.45
AC00158,Hutchinson Managed Portfolio,MANAGED,ACTIVE,2016-11-05,481580.55
AC00159,Iverson Family Trust Account,TRUST,ACTIVE,2016-10-16,397584.0
AC00160,Iverson Individual Brokerage,BROKERAGE,ACTIVE,2016-09-26,485936.0
AC00161,Jefferson Traditional IRA,IRA,ACTIVE,2016-09-06,401147.55
AC00162,Jefferson Managed Portfolio,MANAGED,ACTIVE,2016-08-17,490291.45
AC00163,Kowalski Family Trust Account,TRUST,ACTIVE,2016-07-28,404711.1
AC00164,Kowalski Individual Brokerage,BROKERAGE,ACTIVE,2016-07-08,494646.9
AC00165,Lindqvist Traditional IRA,IRA,ACTIVE,2016-06-18,408274.65
AC00166,Lindqvist Managed Portfolio,MANAGED,ACTIVE,2016-05-29,499002.35
AC00167,MacAllister Family Trust Account,TRUST,ACTIVE,2016-05-09,411838.2
AC00168,MacAllister Individual Brokerage,BROKERAGE,ACTIVE,2016-04-19,503357.8
AC00169,Novak Traditional IRA,IRA,ACTIVE,2016-03-30,415401.75
AC00170,Novak Managed Portfolio,MANAGED,ACTIVE,2016-03-10,507713.25
AC00171,O'Donnell Family Trust Account,TRUST,ACTIVE,2016-02-19,418965.3
AC00172,O'Donnell Individual Brokerage,BROKERAGE,ACTIVE,2016-01-30,512068.7
AC00173,Petrov Traditional IRA,IRA,ACTIVE,2016-01-10,422528.85
AC00174,Petrov Managed Portfolio,MANAGED,ACTIVE,2015-12-21,516424.15
AC00175,Quintero Family Trust Account,TRUST,ACTIVE,2015-12-01,426092.4
AC00176,Quintero Individual Brokerage,BROKERAGE,ACTIVE,2015-11-11,520779.6
AC00177,Rosenberg Traditional IRA,IRA,ACTIVE,2015-10-22,429655.95
AC00178,Rosenberg Managed Portfolio,MANAGED,ACTIVE,2015-10-02,525135.05
AC00179,Sandoval Family Trust Account,TRUST,ACTIVE,2015-09-12,433219.5
AC00180,Sandoval Individual Brokerage,BROKERAGE,ACTIVE,2025-07-01,529490.5
AC00181,Takahashi Traditional IRA,IRA,ACTIVE,2025-06-11,436783.05
AC00182,Takahashi Managed Portfolio,MANAGED,ACTIVE,2025-05-22,533845.95
AC00183,Ulrich Family Trust Account,TRUST,ACTIVE,2025-05-02,440346.6
AC00184,Ulrich Individual Brokerage,BROKERAGE,ACTIVE,2025-04-12,538201.4
AC00185,Vance Traditional IRA,IRA,ACTIVE,2025-03-23,443910.15
AC00186,Vance Managed Portfolio,MANAGED,ACTIVE,2025-03-03,542556.85
AC00187,Whitmore Family Trust Account,TRUST,ACTIVE,2025-02-11,447473.7
AC00188,Whitmore Individual Brokerage,BROKERAGE,ACTIVE,2025-01-22,546912.3
AC00189,Xiong Traditional IRA,IRA,ACTIVE,2025-01-02,451037.25
AC00190,Xiong Managed Portfolio,MANAGED,ACTIVE,2024-12-13,551267.75
AC00191,Yamamoto Family Trust Account,TRUST,ACTIVE,2024-11-23,454600.8
AC00192,Yamamoto Individual Brokerage,BROKERAGE,ACTIVE,2024-11-03,555623.2
AC00193,Zhao Traditional IRA,IRA,ACTIVE,2024-10-14,458164.35
AC00194,Zhao Managed Portfolio,MANAGED,ACTIVE,2024-09-24,559978.65
AC00195,Ainsley Family Trust Account,TRUST,ACTIVE,2024-09-04,461727.9
AC00196,Ainsley Individual Brokerage,BROKERAGE,ACTIVE,2024-08-15,564334.1
AC00197,Barrington Traditional IRA,IRA,ACTIVE,2024-07-26,465291.45
AC00198,Barrington Managed Portfolio,MANAGED,ACTIVE,2024-07-06,568689.55
AC00199,Crawford Family Trust Account,TRUST,ACTIVE,2024-06-16,468855.0
AC00200,Crawford Individual Brokerage,BROKERAGE,ACTIVE,2024-05-27,573045.0
AC00201,Devereaux Traditional IRA,IRA,ACTIVE,2024-05-07,472418.55
AC00202,Devereaux Managed Portfolio,MANAGED,ACTIVE,2024-04-17,577400.45
AC00203,Emerson Family Trust Account,TRUST,ACTIVE,2024-03-28,475982.1
AC00204,Emerson Individual Brokerage,BROKERAGE,ACTIVE,2024-03-08,581755.9
AC00205,Foster Traditional IRA,IRA,ACTIVE,2024-02-17,479545.65
AC00206,Foster Managed Portfolio,MANAGED,ACTIVE,2024-01-28,586111.35
AC00207,Gallagher Family Trust Account,TRUST,ACTIVE,2024-01-08,483109.2
AC00208,Gallagher Individual Brokerage,BROKERAGE,ACTIVE,2023-12-19,590466.8
AC00209,Hawthorne Traditional IRA,IRA,ACTIVE,2023-11-29,486672.75
AC00210,Hawthorne Managed Portfolio,MANAGED,ACTIVE,2023-11-09,594822.25
AC00211,Ibrahim Family Trust Account,TRUST,ACTIVE,2023-10-20,490236.3
AC00212,Ibrahim Individual Brokerage,BROKERAGE,ACTIVE,2023-09-30,599177.7
AC00213,Josephson Traditional IRA,IRA,ACTIVE,2023-09-10,493799.85
AC00214,Josephson Managed Portfolio,MANAGED,ACTIVE,2023-08-21,603533.15
AC00215,Kaplan Family Trust Account,TRUST,ACTIVE,2023-08-01,497363.4
AC00216,Kaplan Individual Brokerage,BROKERAGE,ACTIVE,2023-07-12,607888.6
AC00217,Livingston Traditional IRA,IRA,ACTIVE,2023-06-22,500926.95
AC00218,Livingston Managed Portfolio,MANAGED,ACTIVE,2023-06-02,612244.05
AC00219,Moreau Family Trust Account,TRUST,ACTIVE,2023-05-13,504490.5
AC00220,Moreau Individual Brokerage,BROKERAGE,ACTIVE,2023-04-23,616599.5
AC00221,Nystrom Traditional IRA,IRA,ACTIVE,2023-04-03,508054.05
AC00222,Nystrom Managed Portfolio,MANAGED,ACTIVE,2023-03-14,620954.95
AC00223,Okafor Family Trust Account,TRUST,ACTIVE,2023-02-22,511617.6
AC00224,Okafor Individual Brokerage,BROKERAGE,ACTIVE,2023-02-02,625310.4
AC00225,Palmer Traditional IRA,IRA,ACTIVE,2023-01-13,515181.15
AC00226,Palmer Managed Portfolio,MANAGED,ACTIVE,2022-12-24,629665.85
AC00227,Quigley Family Trust Account,TRUST,ACTIVE,2022-12-04,518744.7
AC00228,Quigley Individual Brokerage,BROKERAGE,ACTIVE,2022-11-14,634021.3
AC00229,Remington Traditional IRA,IRA,ACTIVE,2022-10-25,522308.25
AC00230,Remington Managed Portfolio,MANAGED,ACTIVE,2022-10-05,638376.75
AC00231,Silverstein Family Trust Account,TRUST,ACTIVE,2022-09-15,525871.8
AC00232,Silverstein Individual Brokerage,BROKERAGE,ACTIVE,2022-08-26,642732.2
AC00233,Thibodeaux Traditional IRA,IRA,ACTIVE,2022-08-06,529435.35
AC00234,Thibodeaux Managed Portfolio,MANAGED,ACTIVE,2022-07-17,647087.65
AC00235,Umana Family Trust Account,TRUST,ACTIVE,2022-06-27,532998.9
AC00236,Umana Individual Brokerage,BROKERAGE,ACTIVE,2022-06-07,651443.1
AC00237,Vasquez Traditional IRA,IRA,ACTIVE,2022-05-18,536562.45
AC00238,Vasquez Managed Portfolio,MANAGED,ACTIVE,2022-04-28,655798.55
AC00239,Wilkerson Family Trust Account,TRUST,ACTIVE,2022-04-08,540126.0
AC00240,Wilkerson Individual Brokerage,BROKERAGE,ACTIVE,2022-03-19,660154.0
AC00241,Whitfield Traditional IRA,IRA,ACTIVE,2022-02-27,543689.55
AC00242,Whitfield Managed Portfolio,MANAGED,ACTIVE,2022-02-07,664509.45
AC00243,Calloway Family Trust Account,TRUST,ACTIVE,2022-01-18,547253.1
AC00244,Calloway Individual Brokerage,BROKERAGE,ACTIVE,2021-12-29,668864.9
AC00245,Sinclair Traditional IRA,IRA,ACTIVE,2021-12-09,550816.65
AC00246,Sinclair Managed Portfolio,MANAGED,ACTIVE,2021-11-19,673220.35
AC00247,Pemberton Family Trust Account,TRUST,ACTIVE,2021-10-30,554380.2
AC00248,Pemberton Individual Brokerage,BROKERAGE,ACTIVE,2021-10-10,677575.8
AC00249,Ashworth Traditional IRA,IRA,ACTIVE,2021-09-20,557943.75
AC00250,Ashworth Managed Portfolio,MANAGED,ACTIVE,2021-08-31,681931.25
AC00251,Lockhart Family Trust Account,TRUST,ACTIVE,2021-08-11,561507.3
AC00252,Lockhart Individual Brokerage,BROKERAGE,ACTIVE,2021-07-22,686286.7
AC00253,Fairbanks Traditional IRA,IRA,ACTIVE,2021-07-02,565070.85
AC00254,Fairbanks Managed Portfolio,MANAGED,ACTIVE,2021-06-12,690642.15
AC00255,Winslow Family Trust Account,TRUST,ACTIVE,2021-05-23,568634.4
AC00256,Winslow Individual Brokerage,BROKERAGE,ACTIVE,2021-05-03,694997.6
AC00257,Hargrove Traditional IRA,IRA,ACTIVE,2021-04-13,572197.95
AC00258,Hargrove Managed Portfolio,MANAGED,ACTIVE,2021-03-24,699353.05
AC00259,Ellsworth Family Trust Account,TRUST,ACTIVE,2021-03-04,575761.5
AC00260,Ellsworth Individual Brokerage,BROKERAGE,ACTIVE,2021-02-12,703708.5
AC00261,Mercer Traditional IRA,IRA,ACTIVE,2021-01-23,579325.05
AC00262,Mercer Managed Portfolio,MANAGED,ACTIVE,2021-01-03,708063.95
AC00263,Thornton Family Trust Account,TRUST,ACTIVE,2020-12-14,582888.6
AC00264,Thornton Individual Brokerage,BROKERAGE,ACTIVE,2020-11-24,712419.4
AC00265,Caldwell Traditional IRA,IRA,ACTIVE,2020-11-04,586452.15
AC00266,Caldwell Managed Portfolio,MANAGED,ACTIVE,2020-10-15,716774.85
AC00267,Prescott Family Trust Account,TRUST,ACTIVE,2020-09-25,590015.7
AC00268,Prescott Individual Brokerage,BROKERAGE,ACTIVE,2020-09-05,721130.3
AC00269,Vandenberg Traditional IRA,IRA,ACTIVE,2020-08-16,593579.25
AC00270,Vandenberg Managed Portfolio,MANAGED,ACTIVE,2020-07-27,725485.75
AC00271,Ridgeway Family Trust Account,TRUST,ACTIVE,2020-07-07,597142.8
AC00272,Ridgeway Individual Brokerage,BROKERAGE,ACTIVE,2020-06-17,729841.2
AC00273,Montgomery Traditional IRA,IRA,ACTIVE,2020-05-28,600706.35
AC00274,Montgomery Managed Portfolio,MANAGED,ACTIVE,2020-05-08,734196.65
AC00275,Blackwood Family Trust Account,TRUST,ACTIVE,2020-04-18,604269.9
AC00276,Blackwood Individual Brokerage,BROKERAGE,ACTIVE,2020-03-29,738552.1
AC00277,Sterling Traditional IRA,IRA,ACTIVE,2020-03-09,607833.45
AC00278,Sterling Managed Portfolio,MANAGED,ACTIVE,2020-02-18,742907.55
AC00279,Kensington Family Trust Account,TRUST,ACTIVE,2020-01-29,611397.0
AC00280,Kensington Individual Brokerage,BROKERAGE,ACTIVE,2020-01-09,747263.0
AC00281,Abernathy Traditional IRA,IRA,ACTIVE,2019-12-20,614960.55
AC00282,Abernathy Managed Portfolio,MANAGED,ACTIVE,2019-11-30,751618.45
AC00283,Beaumont Family Trust Account,TRUST,ACTIVE,2019-11-10,618524.1
AC00284,Beaumont Individual Brokerage,BROKERAGE,ACTIVE,2019-10-21,755973.9
AC00285,Carrington Traditional IRA,IRA,ACTIVE,2019-10-01,622087.65
AC00286,Carrington Managed Portfolio,MANAGED,ACTIVE,2019-09-11,760329.35
AC00287,Delacroix Family Trust Account,TRUST,ACTIVE,2019-08-22,625651.2
AC00288,Delacroix Individual Brokerage,BROKERAGE,ACTIVE,2019-08-02,764684.8
AC00289,Everhart Traditional IRA,IRA,ACTIVE,2019-07-13,629214.75
AC00290,Everhart Managed Portfolio,MANAGED,ACTIVE,2019-06-23,769040.25
AC00291,Fitzgerald Family Trust Account,TRUST,ACTIVE,2019-06-03,632778.3
AC00292,Fitzgerald Individual Brokerage,BROKERAGE,ACTIVE,2019-05-14,773395.7
AC00293,Galloway Traditional IRA,IRA,ACTIVE,2019-04-24,636341.85
AC00294,Galloway Managed Portfolio,MANAGED,ACTIVE,2019-04-04,777751.15
AC00295,Harrington Family Trust Account,TRUST,ACTIVE,2019-03-15,639905.4
AC00296,Harrington Individual Brokerage,BROKERAGE,ACTIVE,2019-02-23,782106.6
AC00297,Ingram Traditional IRA,IRA,ACTIVE,2019-02-03,643468.95
AC00298,Ingram Managed Portfolio,MANAGED,ACTIVE,2019-01-14,786462.05
AC00299,Jennings Family Trust Account,TRUST,ACTIVE,2018-12-25,647032.5
AC00300,Jennings Individual Brokerage,BROKERAGE,ACTIVE,2018-12-05,790817.5
AC00301,Kirkland Traditional IRA,IRA,ACTIVE,2018-11-15,650596.05
AC00302,Kirkland Managed Portfolio,MANAGED,ACTIVE,2018-10-26,795172.95
AC00303,Langford Family Trust Account,TRUST,ACTIVE,2018-10-06,654159.6
AC00304,Langford Individual Brokerage,BROKERAGE,ACTIVE,2018-09-16,799528.4
AC00305,Marchetti Traditional IRA,IRA,ACTIVE,2018-08-27,657723.15
AC00306,Marchetti Managed Portfolio,MANAGED,ACTIVE,2018-08-07,803883.85
AC00307,Northrup Family Trust Account,TRUST,ACTIVE,2018-07-18,661286.7
AC00308,Northrup Individual Brokerage,BROKERAGE,ACTIVE,2018-06-28,808239.3
AC00309,Oakes Traditional IRA,IRA,ACTIVE,2018-06-08,664850.25
AC00310,Oakes Managed Portfolio,MANAGED,ACTIVE,2018-05-19,812594.75
AC00311,Pennington Family Trust Account,TRUST,ACTIVE,2018-04-29,668413.8
AC00312,Pennington Individual Brokerage,BROKERAGE,ACTIVE,2018-04-09,816950.2
AC00313,Quimby Traditional IRA,IRA,ACTIVE,2018-03-20,671977.35
AC00314,Quimby Managed Portfolio,MANAGED,ACTIVE,2018-02-28,821305.65
AC00315,Rothschild Family Trust Account,TRUST,ACTIVE,2018-02-08,675540.9
AC00316,Rothschild Individual Brokerage,BROKERAGE,ACTIVE,2018-01-19,825661.1
AC00317,Saunders Traditional IRA,IRA,ACTIVE,2017-12-30,679104.45
AC00318,Saunders Managed Portfolio,MANAGED,ACTIVE,2017-12-10,830016.55
AC00319,Templeton Family Trust Account,TRUST,ACTIVE,2017-11-20,682668.0
AC00320,Templeton Individual Brokerage,BROKERAGE,ACTIVE,2017-10-31,834372.0
AC00321,Underwood Traditional IRA,IRA,ACTIVE,2017-10-11,686231.55
AC00322,Underwood Managed Portfolio,MANAGED,ACTIVE,2017-09-21,838727.45
AC00323,Vaughn Family Trust Account,TRUST,ACTIVE,2017-09-01,689795.1
AC00324,Vaughn Individual Brokerage,BROKERAGE,ACTIVE,2017-08-12,843082.9
AC00325,Wexler Traditional IRA,IRA,ACTIVE,2017-07-23,693358.65
AC00326,Wexler Managed Portfolio,MANAGED,ACTIVE,2017-07-03,847438.35
AC00327,Yates Family Trust Account,TRUST,ACTIVE,2017-06-13,696922.2
AC00328,Yates Individual Brokerage,BROKERAGE,ACTIVE,2017-05-24,851793.8
AC00329,Zimmerman Traditional IRA,IRA,ACTIVE,2017-05-04,700485.75
AC00330,Zimmerman Managed Portfolio,MANAGED,ACTIVE,2017-04-14,856149.25
AC00331,Alcott Family Trust Account,TRUST,ACTIVE,2017-03-25,704049.3
AC00332,Alcott Individual Brokerage,BROKERAGE,ACTIVE,2017-03-05,860504.7
AC00333,Bradshaw Traditional IRA,IRA,ACTIVE,2017-02-13,707612.85
AC00334,Bradshaw Managed Portfolio,MANAGED,ACTIVE,2017-01-24,864860.15
AC00335,Chamberlain Family Trust Account,TRUST,ACTIVE,2017-01-04,711176.4
AC00336,Chamberlain Individual Brokerage,BROKERAGE,ACTIVE,2016-12-15,869215.6
AC00337,Donnelly Traditional IRA,IRA,ACTIVE,2016-11-25,714739.95
AC00338,Donnelly Managed Portfolio,MANAGED,ACTIVE,2016-11-05,873571.05
AC00339,Eastman Family Trust Account,TRUST,ACTIVE,2016-10-16,718303.5
AC00340,Eastman Individual Brokerage,BROKERAGE,ACTIVE,2016-09-26,877926.5
AC00341,Falkner Traditional IRA,IRA,ACTIVE,2016-09-06,721867.05
AC00342,Falkner Managed Portfolio,MANAGED,ACTIVE,2016-08-17,882281.95
AC00343,Granger Family Trust Account,TRUST,ACTIVE,2016-07-28,725430.6
AC00344,Granger Individual Brokerage,BROKERAGE,ACTIVE,2016-07-08,886637.4
AC00345,Holloway Traditional IRA,IRA,ACTIVE,2016-06-18,728994.15
AC00346,Holloway Managed Portfolio,MANAGED,ACTIVE,2016-05-29,890992.85
AC00347,Irving Family Trust Account,TRUST,ACTIVE,2016-05-09,732557.7
AC00348,Irving Individual Brokerage,BROKERAGE,ACTIVE,2016-04-19,895348.3
AC00349,Jamison Traditional IRA,IRA,ACTIVE,2016-03-30,736121.25
AC00350,Jamison Managed Portfolio,MANAGED,ACTIVE,2016-03-10,899703.75
AC00351,Keating Family Trust Account,TRUST,ACTIVE,2016-02-19,739684.8
AC00352,Keating Individual Brokerage,BROKERAGE,ACTIVE,2016-01-30,904059.2
AC00353,Lancaster Traditional IRA,IRA,ACTIVE,2016-01-10,743248.35
AC00354,Lancaster Managed Portfolio,MANAGED,ACTIVE,2015-12-21,908414.65
AC00355,Middleton Family Trust Account,TRUST,ACTIVE,2015-12-01,746811.9
AC00356,Middleton Individual Brokerage,BROKERAGE,ACTIVE,2015-11-11,912770.1
AC00357,Nakamura Traditional IRA,IRA,ACTIVE,2015-10-22,750375.45
AC00358,Nakamura Managed Portfolio,MANAGED,ACTIVE,2015-10-02,917125.55
AC00359,Ortega Family Trust Account,TRUST,ACTIVE,2015-09-12,753939.0
AC00360,Ortega Individual Brokerage,BROKERAGE,ACTIVE,2025-07-01,921481.0
AC00361,Pruitt Traditional IRA,IRA,ACTIVE,2025-06-11,757502.55
AC00362,Pruitt Managed Portfolio,MANAGED,ACTIVE,2025-05-22,925836.45
AC00363,Quinn Family Trust Account,TRUST,ACTIVE,2025-05-02,761066.1
AC00364,Quinn Individual Brokerage,BROKERAGE,ACTIVE,2025-04-12,930191.9
AC00365,Radcliffe Traditional IRA,IRA,ACTIVE,2025-03-23,764629.65
AC00366,Radcliffe Managed Portfolio,MANAGED,ACTIVE,2025-03-03,934547.35
AC00367,Stanhope Family Trust Account,TRUST,ACTIVE,2025-02-11,768193.2
AC00368,Stanhope Individual Brokerage,BROKERAGE,ACTIVE,2025-01-22,938902.8
AC00369,Tanaka Traditional IRA,IRA,ACTIVE,2025-01-02,771756.75
AC00370,Tanaka Managed Portfolio,MANAGED,ACTIVE,2024-12-13,943258.25
AC00371,Urbina Family Trust Account,TRUST,ACTIVE,2024-11-23,775320.3
AC00372,Urbina Individual Brokerage,BROKERAGE,ACTIVE,2024-11-03,947613.7
AC00373,Villanueva Traditional IRA,IRA,ACTIVE,2024-10-14,778883.85
AC00374,Villanueva Managed Portfolio,MANAGED,ACTIVE,2024-09-24,951969.15
AC00375,Weatherford Family Trust Account,TRUST,ACTIVE,2024-09-04,782447.4
AC00376,Weatherford Individual Brokerage,BROKERAGE,ACTIVE,2024-08-15,956324.6
AC00377,Xu Traditional IRA,IRA,ACTIVE,2024-07-26,786010.95
AC00378,Xu Managed Portfolio,MANAGED,ACTIVE,2024-07-06,960680.05
AC00379,Youngblood Family Trust Account,TRUST,ACTIVE,2024-06-16,789574.5
AC00380,Youngblood Individual Brokerage,BROKERAGE,ACTIVE,2024-05-27,965035.5
AC00381,Ziegler Traditional IRA,IRA,ACTIVE,2024-05-07,793138.05
AC00382,Ziegler Managed Portfolio,MANAGED,ACTIVE,2024-04-17,969390.95
AC00383,Armitage Family Trust Account,TRUST,ACTIVE,2024-03-28,796701.6
AC00384,Armitage Individual Brokerage,BROKERAGE,ACTIVE,2024-03-08,973746.4
AC00385,Boswell Traditional IRA,IRA,ACTIVE,2024-02-17,800265.15
AC00386,Boswell Managed Portfolio,MANAGED,ACTIVE,2024-01-28,978101.85
AC00387,Cavanaugh Family Trust Account,TRUST,ACTIVE,2024-01-08,803828.7
AC00388,Cavanaugh Individual Brokerage,BROKERAGE,ACTIVE,2023-12-19,982457.3
AC00389,Drummond Traditional IRA,IRA,ACTIVE,2023-11-29,807392.25
AC00390,Drummond Managed Portfolio,MANAGED,ACTIVE,2023-11-09,986812.75
AC00391,Eckhart Family Trust Account,TRUST,ACTIVE,2023-10-20,810955.8
AC00392,Eckhart Individual Brokerage,BROKERAGE,ACTIVE,2023-09-30,991168.2
AC00393,Farnsworth Traditional IRA,IRA,ACTIVE,2023-09-10,814519.35
AC00394,Farnsworth Managed Portfolio,MANAGED,ACTIVE,2023-08-21,995523.65
AC00395,Goldstein Family Trust Account,TRUST,ACTIVE,2023-08-01,818082.9
AC00396,Goldstein Individual Brokerage,BROKERAGE,ACTIVE,2023-07-12,999879.1
AC00397,Hutchinson Traditional IRA,IRA,ACTIVE,2023-06-22,821646.45
AC00398,Hutchinson Managed Portfolio,MANAGED,ACTIVE,2023-06-02,1004234.55
AC00399,Iverson Family Trust Account,TRUST,ACTIVE,2023-05-13,825210.0
AC00400,Iverson Individual Brokerage,BROKERAGE,ACTIVE,2023-04-23,1008590.0
AC00401,Jefferson Traditional IRA,IRA,ACTIVE,2023-04-03,828773.55
AC00402,Jefferson Managed Portfolio,MANAGED,ACTIVE,2023-03-14,1012945.45
AC00403,Kowalski Family Trust Account,TRUST,ACTIVE,2023-02-22,832337.1
AC00404,Kowalski Individual Brokerage,BROKERAGE,ACTIVE,2023-02-02,1017300.9
AC00405,Lindqvist Traditional IRA,IRA,ACTIVE,2023-01-13,835900.65
AC00406,Lindqvist Managed Portfolio,MANAGED,ACTIVE,2022-12-24,1021656.35
AC00407,MacAllister Family Trust Account,TRUST,ACTIVE,2022-12-04,839464.2
AC00408,MacAllister Individual Brokerage,BROKERAGE,ACTIVE,2022-11-14,1026011.8
AC00409,Novak Traditional IRA,IRA,ACTIVE,2022-10-25,843027.75
AC00410,Novak Managed Portfolio,MANAGED,ACTIVE,2022-10-05,1030367.25
AC00411,O'Donnell Family Trust Account,TRUST,ACTIVE,2022-09-15,846591.3
AC00412,O'Donnell Individual Brokerage,BROKERAGE,ACTIVE,2022-08-26,1034722.7
AC00413,Petrov Traditional IRA,IRA,ACTIVE,2022-08-06,850154.85
AC00414,Petrov Managed Portfolio,MANAGED,ACTIVE,2022-07-17,1039078.15
AC00415,Quintero Family Trust Account,TRUST,ACTIVE,2022-06-27,853718.4
AC00416,Quintero Individual Brokerage,BROKERAGE,ACTIVE,2022-06-07,1043433.6
AC00417,Rosenberg Traditional IRA,IRA,ACTIVE,2022-05-18,857281.95
AC00418,Rosenberg Managed Portfolio,MANAGED,ACTIVE,2022-04-28,1047789.05
AC00419,Sandoval Family Trust Account,TRUST,ACTIVE,2022-04-08,860845.5
AC00420,Sandoval Individual Brokerage,BROKERAGE,ACTIVE,2022-03-19,1052144.5
AC00421,Takahashi Traditional IRA,IRA,ACTIVE,2022-02-27,864409.05
AC00422,Takahashi Managed Portfolio,MANAGED,ACTIVE,2022-02-07,1056499.95
AC00423,Ulrich Family Trust Account,TRUST,ACTIVE,2022-01-18,867972.6
AC00424,Ulrich Individual Brokerage,BROKERAGE,ACTIVE,2021-12-29,1060855.4
AC00425,Vance Traditional IRA,IRA,ACTIVE,2021-12-09,871536.15
AC00426,Vance Managed Portfolio,MANAGED,ACTIVE,2021-11-19,1065210.85
AC00427,Whitmore Family Trust Account,TRUST,ACTIVE,2021-10-30,875099.7
AC00428,Whitmore Individual Brokerage,BROKERAGE,ACTIVE,2021-10-10,1069566.3
AC00429,Xiong Traditional IRA,IRA,ACTIVE,2021-09-20,878663.25
AC00430,Xiong Managed Portfolio,MANAGED,ACTIVE,2021-08-31,1073921.75
AC00431,Yamamoto Family Trust Account,TRUST,ACTIVE,2021-08-11,882226.8
AC00432,Yamamoto Individual Brokerage,BROKERAGE,ACTIVE,2021-07-22,1078277.2
AC00433,Zhao Traditional IRA,IRA,ACTIVE,2021-07-02,885790.35
AC00434,Zhao Managed Portfolio,MANAGED,ACTIVE,2021-06-12,1082632.65
AC00435,Ainsley Family Trust Account,TRUST,ACTIVE,2021-05-23,889353.9
AC00436,Ainsley Individual Brokerage,BROKERAGE,ACTIVE,2021-05-03,1086988.1
AC00437,Barrington Traditional IRA,IRA,ACTIVE,2021-04-13,892917.45
AC00438,Barrington Managed Portfolio,MANAGED,ACTIVE,2021-03-24,1091343.55
AC00439,Crawford Family Trust Account,TRUST,ACTIVE,2021-03-04,896481.0
AC00440,Crawford Individual Brokerage,BROKERAGE,ACTIVE,2021-02-12,1095699.0
AC00441,Devereaux Traditional IRA,IRA,ACTIVE,2021-01-23,900044.55
AC00442,Devereaux Managed Portfolio,MANAGED,ACTIVE,2021-01-03,1100054.45
AC00443,Emerson Family Trust Account,TRUST,ACTIVE,2020-12-14,903608.1
AC00444,Emerson Individual Brokerage,BROKERAGE,ACTIVE,2020-11-24,1104409.9
AC00445,Foster Traditional IRA,IRA,ACTIVE,2020-11-04,907171.65
AC00446,Foster Managed Portfolio,MANAGED,ACTIVE,2020-10-15,1108765.35
AC00447,Gallagher Family Trust Account,TRUST,ACTIVE,2020-09-25,910735.2
AC00448,Gallagher Individual Brokerage,BROKERAGE,ACTIVE,2020-09-05,1113120.8
AC00449,Hawthorne Traditional IRA,IRA,ACTIVE,2020-08-16,914298.75
AC00450,Hawthorne Managed Portfolio,MANAGED,ACTIVE,2020-07-27,1117476.25
AC00451,Ibrahim Family Trust Account,TRUST,ACTIVE,2020-07-07,917862.3
AC00452,Ibrahim Individual Brokerage,BROKERAGE,ACTIVE,2020-06-17,1121831.7
AC00453,Josephson Traditional IRA,IRA,ACTIVE,2020-05-28,921425.85
AC00454,Josephson Managed Portfolio,MANAGED,ACTIVE,2020-05-08,1126187.15
AC00455,Kaplan Family Trust Account,TRUST,ACTIVE,2020-04-18,924989.4
AC00456,Kaplan Individual Brokerage,BROKERAGE,ACTIVE,2020-03-29,1130542.6
AC00457,Livingston Traditional IRA,IRA,ACTIVE,2020-03-09,928552.95
AC00458,Livingston Managed Portfolio,MANAGED,ACTIVE,2020-02-18,1134898.05
AC00459,Moreau Family Trust Account,TRUST,ACTIVE,2020-01-29,932116.5
AC00460,Moreau Individual Brokerage,BROKERAGE,ACTIVE,2020-01-09,1139253.5
AC00461,Nystrom Traditional IRA,IRA,ACTIVE,2019-12-20,935680.05
AC00462,Nystrom Managed Portfolio,MANAGED,ACTIVE,2019-11-30,1143608.95
AC00463,Okafor Family Trust Account,TRUST,ACTIVE,2019-11-10,939243.6
AC00464,Okafor Individual Brokerage,BROKERAGE,ACTIVE,2019-10-21,1147964.4
AC00465,Palmer Traditional IRA,IRA,ACTIVE,2019-10-01,942807.15
AC00466,Palmer Managed Portfolio,MANAGED,ACTIVE,2019-09-11,1152319.85
AC00467,Quigley Family Trust Account,TRUST,ACTIVE,2019-08-22,946370.7
AC00468,Quigley Individual Brokerage,BROKERAGE,ACTIVE,2019-08-02,1156675.3
AC00469,Remington Traditional IRA,IRA,ACTIVE,2019-07-13,949934.25
AC00470,Remington Managed Portfolio,MANAGED,ACTIVE,2019-06-23,1161030.75
AC00471,Silverstein Family Trust Account,TRUST,ACTIVE,2019-06-03,953497.8
AC00472,Silverstein Individual Brokerage,BROKERAGE,ACTIVE,2019-05-14,1165386.2
AC00473,Thibodeaux Traditional IRA,IRA,ACTIVE,2019-04-24,957061.35
AC00474,Thibodeaux Managed Portfolio,MANAGED,ACTIVE,2019-04-04,1169741.65
AC00475,Umana Family Trust Account,TRUST,ACTIVE,2019-03-15,960624.9
AC00476,Umana Individual Brokerage,BROKERAGE,ACTIVE,2019-02-23,1174097.1
AC00477,Vasquez Traditional IRA,IRA,ACTIVE,2019-02-03,964188.45
AC00478,Vasquez Managed Portfolio,MANAGED,ACTIVE,2019-01-14,1178452.55
AC00479,Wilkerson Family Trust Account,TRUST,ACTIVE,2018-12-25,967752.0
AC00480,Wilkerson Individual Brokerage,BROKERAGE,ACTIVE,2018-12-05,1182808.0
AC00481,Whitfield Traditional IRA,IRA,ACTIVE,2018-11-15,971315.55
AC00482,Whitfield Managed Portfolio,MANAGED,ACTIVE,2018-10-26,1187163.45
AC00483,Calloway Family Trust Account,TRUST,ACTIVE,2018-10-06,974879.1
AC00484,Calloway Individual Brokerage,BROKERAGE,ACTIVE,2018-09-16,1191518.9
AC00485,Sinclair Traditional IRA,IRA,ACTIVE,2018-08-27,978442.65
AC00486,Sinclair Managed Portfolio,MANAGED,ACTIVE,2018-08-07,1195874.35
AC00487,Pemberton Family Trust Account,TRUST,ACTIVE,2018-07-18,982006.2
AC00488,Pemberton Individual Brokerage,BROKERAGE,ACTIVE,2018-06-28,1200229.8
AC00489,Ashworth Traditional IRA,IRA,ACTIVE,2018-06-08,985569.75
AC00490,Ashworth Managed Portfolio,MANAGED,ACTIVE,2018-05-19,1204585.25
AC00491,Lockhart Family Trust Account,TRUST,ACTIVE,2018-04-29,989133.3
AC00492,Lockhart Individual Brokerage,BROKERAGE,ACTIVE,2018-04-09,1208940.7
AC00493,Fairbanks Traditional IRA,IRA,ACTIVE,2018-03-20,992696.85
AC00494,Fairbanks Managed Portfolio,MANAGED,ACTIVE,2018-02-28,1213296.15
AC00495,Winslow Family Trust Account,TRUST,ACTIVE,2018-02-08,996260.4
AC00496,Winslow Individual Brokerage,BROKERAGE,ACTIVE,2018-01-19,1217651.6
AC00497,Hargrove Traditional IRA,IRA,ACTIVE,2017-12-30,999823.95
AC00498,Hargrove Managed Portfolio,MANAGED,ACTIVE,2017-12-10,1222007.05
AC00499,Ellsworth Family Trust Account,TRUST,ACTIVE,2017-11-20,1003387.5
AC00500,Ellsworth Individual Brokerage,BROKERAGE,ACTIVE,2017-10-31,1226362.5
AC00501,Mercer Traditional IRA,IRA,ACTIVE,2017-10-11,1006951.05
AC00502,Mercer Managed Portfolio,MANAGED,ACTIVE,2017-09-21,1230717.95
AC00503,Thornton Family Trust Account,TRUST,ACTIVE,2017-09-01,1010514.6
AC00504,Thornton Individual Brokerage,BROKERAGE,ACTIVE,2017-08-12,1235073.4
AC00505,Caldwell Traditional IRA,IRA,ACTIVE,2017-07-23,1014078.15
AC00506,Caldwell Managed Portfolio,MANAGED,ACTIVE,2017-07-03,1239428.85
AC00507,Prescott Family Trust Account,TRUST,ACTIVE,2017-06-13,1017641.7
AC00508,Prescott Individual Brokerage,BROKERAGE,ACTIVE,2017-05-24,1243784.3
AC00509,Vandenberg Traditional IRA,IRA,ACTIVE,2017-05-04,1021205.25
AC00510,Vandenberg Managed Portfolio,MANAGED,ACTIVE,2017-04-14,1248139.75
AC00511,Ridgeway Family Trust Account,TRUST,ACTIVE,2017-03-25,1024768.8
AC00512,Ridgeway Individual Brokerage,BROKERAGE,ACTIVE,2017-03-05,1252495.2
AC00513,Montgomery Traditional IRA,IRA,ACTIVE,2017-02-13,1028332.35
AC00514,Montgomery Managed Portfolio,MANAGED,ACTIVE,2017-01-24,1256850.65
AC00515,Blackwood Family Trust Account,TRUST,ACTIVE,2017-01-04,1031895.9
AC00516,Blackwood Individual Brokerage,BROKERAGE,ACTIVE,2016-12-15,1261206.1
AC00517,Sterling Traditional IRA,IRA,ACTIVE,2016-11-25,1035459.45
AC00518,Sterling Managed Portfolio,MANAGED,ACTIVE,2016-11-05,1265561.55
AC00519,Kensington Family Trust Account,TRUST,ACTIVE,2016-10-16,1039023.0
AC00520,Kensington Individual Brokerage,BROKERAGE,ACTIVE,2016-09-26,1269917.0
AC00521,Abernathy Traditional IRA,IRA,ACTIVE,2016-09-06,1042586.55
AC00522,Abernathy Managed Portfolio,MANAGED,ACTIVE,2016-08-17,1274272.45
AC00523,Beaumont Family Trust Account,TRUST,ACTIVE,2016-07-28,1046150.1
AC00524,Beaumont Individual Brokerage,BROKERAGE,ACTIVE,2016-07-08,1278627.9
AC00525,Carrington Traditional IRA,IRA,ACTIVE,2016-06-18,1049713.65
AC00526,Carrington Managed Portfolio,MANAGED,ACTIVE,2016-05-29,1282983.35
AC00527,Delacroix Family Trust Account,TRUST,ACTIVE,2016-05-09,1053277.2
AC00528,Delacroix Individual Brokerage,BROKERAGE,ACTIVE,2016-04-19,1287338.8
AC00529,Everhart Traditional IRA,IRA,ACTIVE,2016-03-30,1056840.75
AC00530,Everhart Managed Portfolio,MANAGED,ACTIVE,2016-03-10,1291694.25
AC00531,Fitzgerald Family Trust Account,TRUST,ACTIVE,2016-02-19,1060404.3
AC00532,Fitzgerald Individual Brokerage,BROKERAGE,ACTIVE,2016-01-30,1296049.7
AC00533,Galloway Traditional IRA,IRA,ACTIVE,2016-01-10,1063967.85
AC00534,Galloway Managed Portfolio,MANAGED,ACTIVE,2015-12-21,1300405.15
AC00535,Harrington Family Trust Account,TRUST,ACTIVE,2015-12-01,1067531.4
AC00536,Harrington Individual Brokerage,BROKERAGE,ACTIVE,2015-11-11,1304760.6
AC00537,Ingram Traditional IRA,IRA,ACTIVE,2015-10-22,1071094.95
AC00538,Ingram Managed Portfolio,MANAGED,ACTIVE,2015-10-02,1309116.05
AC00539,Jennings Family Trust Account,TRUST,ACTIVE,2015-09-12,1074658.5
AC00540,Jennings Individual Brokerage,BROKERAGE,ACTIVE,2025-07-01,1313471.5
AC00541,Kirkland Traditional IRA,IRA,ACTIVE,2025-06-11,1078222.05
AC00542,Kirkland Managed Portfolio,MANAGED,ACTIVE,2025-05-22,1317826.95
AC00543,Langford Family Trust Account,TRUST,ACTIVE,2025-05-02,1081785.6
AC00544,Langford Individual Brokerage,BROKERAGE,ACTIVE,2025-04-12,1322182.4
AC00545,Marchetti Traditional IRA,IRA,ACTIVE,2025-03-23,1085349.15
AC00546,Marchetti Managed Portfolio,MANAGED,ACTIVE,2025-03-03,1326537.85
AC00547,Northrup Family Trust Account,TRUST,ACTIVE,2025-02-11,1088912.7
AC00548,Northrup Individual Brokerage,BROKERAGE,ACTIVE,2025-01-22,1330893.3
AC00549,Oakes Traditional IRA,IRA,ACTIVE,2025-01-02,1092476.25
AC00550,Oakes Managed Portfolio,MANAGED,ACTIVE,2024-12-13,1335248.75
AC00551,Pennington Family Trust Account,TRUST,ACTIVE,2024-11-23,1096039.8
AC00552,Pennington Individual Brokerage,BROKERAGE,ACTIVE,2024-11-03,1339604.2
AC00553,Quimby Traditional IRA,IRA,ACTIVE,2024-10-14,1099603.35
AC00554,Quimby Managed Portfolio,MANAGED,ACTIVE,2024-09-24,1343959.65
AC00555,Rothschild Family Trust Account,TRUST,ACTIVE,2024-09-04,1103166.9
AC00556,Rothschild Individual Brokerage,BROKERAGE,ACTIVE,2024-08-15,1348315.1
AC00557,Saunders Traditional IRA,IRA,ACTIVE,2024-07-26,1106730.45
AC00558,Saunders Managed Portfolio,MANAGED,ACTIVE,2024-07-06,1352670.55
AC00559,Templeton Family Trust Account,TRUST,ACTIVE,2024-06-16,1110294.0
AC00560,Templeton Individual Brokerage,BROKERAGE,ACTIVE,2024-05-27,1357026.0
AC00561,Underwood Traditional IRA,IRA,ACTIVE,2024-05-07,1113857.55
AC00562,Underwood Managed Portfolio,MANAGED,ACTIVE,2024-04-17,1361381.45
AC00563,Vaughn Family Trust Account,TRUST,ACTIVE,2024-03-28,1117421.1
AC00564,Vaughn Individual Brokerage,BROKERAGE,ACTIVE,2024-03-08,1365736.9
AC00565,Wexler Traditional IRA,IRA,ACTIVE,2024-02-17,1120984.65
AC00566,Wexler Managed Portfolio,MANAGED,ACTIVE,2024-01-28,1370092.35
AC00567,Yates Family Trust Account,TRUST,ACTIVE,2024-01-08,1124548.2
AC00568,Yates Individual Brokerage,BROKERAGE,ACTIVE,2023-12-19,1374447.8
AC00569,Zimmerman Traditional IRA,IRA,ACTIVE,2023-11-29,1128111.75
AC00570,Zimmerman Managed Portfolio,MANAGED,ACTIVE,2023-11-09,1378803.25
AC00571,Alcott Family Trust Account,TRUST,ACTIVE,2023-10-20,1131675.3
AC00572,Alcott Individual Brokerage,BROKERAGE,ACTIVE,2023-09-30,1383158.7
AC00573,Bradshaw Traditional IRA,IRA,ACTIVE,2023-09-10,1135238.85
AC00574,Bradshaw Managed Portfolio,MANAGED,ACTIVE,2023-08-21,1387514.15
AC00575,Chamberlain Family Trust Account,TRUST,ACTIVE,2023-08-01,1138802.4
AC00576,Chamberlain Individual Brokerage,BROKERAGE,ACTIVE,2023-07-12,1391869.6
AC00577,Donnelly Traditional IRA,IRA,ACTIVE,2023-06-22,1142365.95
AC00578,Donnelly Managed Portfolio,MANAGED,ACTIVE,2023-06-02,1396225.05
AC00579,Eastman Family Trust Account,TRUST,ACTIVE,2023-05-13,1145929.5
AC00580,Eastman Individual Brokerage,BROKERAGE,ACTIVE,2023-04-23,1400580.5
AC00581,Falkner Traditional IRA,IRA,ACTIVE,2023-04-03,1149493.05
AC00582,Falkner Managed Portfolio,MANAGED,ACTIVE,2023-03-14,1404935.95
AC00583,Granger Family Trust Account,TRUST,ACTIVE,2023-02-22,1153056.6
AC00584,Granger Individual Brokerage,BROKERAGE,ACTIVE,2023-02-02,1409291.4
AC00585,Holloway Traditional IRA,IRA,ACTIVE,2023-01-13,1156620.15
AC00586,Holloway Managed Portfolio,MANAGED,ACTIVE,2022-12-24,1413646.85
AC00587,Irving Family Trust Account,TRUST,ACTIVE,2022-12-04,1160183.7
AC00588,Irving Individual Brokerage,BROKERAGE,ACTIVE,2022-11-14,1418002.3
AC00589,Jamison Traditional IRA,IRA,ACTIVE,2022-10-25,1163747.25
AC00590,Jamison Managed Portfolio,MANAGED,ACTIVE,2022-10-05,1422357.75
AC00591,Keating Family Trust Account,TRUST,ACTIVE,2022-09-15,1167310.8
AC00592,Keating Individual Brokerage,BROKERAGE,ACTIVE,2022-08-26,1426713.2
AC00593,Lancaster Traditional IRA,IRA,ACTIVE,2022-08-06,1170874.35
AC00594,Lancaster Managed Portfolio,MANAGED,ACTIVE,2022-07-17,1431068.65
AC00595,Middleton Family Trust Account,TRUST,ACTIVE,2022-06-27,1174437.9
AC00596,Middleton Individual Brokerage,BROKERAGE,ACTIVE,2022-06-07,1435424.1
AC00597,Nakamura Traditional IRA,IRA,ACTIVE,2022-05-18,1178001.45
AC00598,Nakamura Managed Portfolio,MANAGED,ACTIVE,2022-04-28,1439779.55
AC00599,Ortega Family Trust Account,TRUST,ACTIVE,2022-04-08,1181565.0
AC00600,Ortega Individual Brokerage,BROKERAGE,ACTIVE,2022-03-19,1444135.0
AC00601,Pruitt Traditional IRA,IRA,ACTIVE,2022-02-27,1185128.55
AC00602,Pruitt Managed Portfolio,MANAGED,ACTIVE,2022-02-07,1448490.45
AC00603,Quinn Family Trust Account,TRUST,ACTIVE,2022-01-18,1188692.1
AC00604,Quinn Individual Brokerage,BROKERAGE,ACTIVE,2021-12-29,1452845.9
AC00605,Radcliffe Traditional IRA,IRA,ACTIVE,2021-12-09,1192255.65
AC00606,Radcliffe Managed Portfolio,MANAGED,ACTIVE,2021-11-19,1457201.35
AC00607,Stanhope Family Trust Account,TRUST,ACTIVE,2021-10-30,1195819.2
AC00608,Stanhope Individual Brokerage,BROKERAGE,ACTIVE,2021-10-10,1461556.8
AC00609,Tanaka Traditional IRA,IRA,ACTIVE,2021-09-20,1199382.75
AC00610,Tanaka Managed Portfolio,MANAGED,ACTIVE,2021-08-31,1465912.25
AC00611,Urbina Family Trust Account,TRUST,ACTIVE,2021-08-11,1202946.3
AC00612,Urbina Individual Brokerage,BROKERAGE,ACTIVE,2021-07-22,1470267.7
AC00613,Villanueva Traditional IRA,IRA,ACTIVE,2021-07-02,1206509.85
AC00614,Villanueva Managed Portfolio,MANAGED,ACTIVE,2021-06-12,1474623.15
AC00615,Weatherford Family Trust Account,TRUST,ACTIVE,2021-05-23,1210073.4
AC00616,Weatherford Individual Brokerage,BROKERAGE,ACTIVE,2021-05-03,1478978.6
AC00617,Xu Traditional IRA,IRA,ACTIVE,2021-04-13,1213636.95
AC00618,Xu Managed Portfolio,MANAGED,ACTIVE,2021-03-24,1483334.05
AC00619,Youngblood Family Trust Account,TRUST,ACTIVE,2021-03-04,1217200.5
AC00620,Youngblood Individual Brokerage,BROKERAGE,ACTIVE,2021-02-12,1487689.5
AC00621,Ziegler Traditional IRA,IRA,ACTIVE,2021-01-23,1220764.05
AC00622,Ziegler Managed Portfolio,MANAGED,ACTIVE,2021-01-03,1492044.95
AC00623,Armitage Family Trust Account,TRUST,ACTIVE,2020-12-14,1224327.6
AC00624,Armitage Individual Brokerage,BROKERAGE,ACTIVE,2020-11-24,1496400.4
AC00625,Boswell Traditional IRA,IRA,ACTIVE,2020-11-04,1227891.15
AC00626,Boswell Managed Portfolio,MANAGED,ACTIVE,2020-10-15,1500755.85
AC00627,Cavanaugh Family Trust Account,TRUST,ACTIVE,2020-09-25,1231454.7
AC00628,Cavanaugh Individual Brokerage,BROKERAGE,ACTIVE,2020-09-05,1505111.3
AC00629,Drummond Traditional IRA,IRA,ACTIVE,2020-08-16,1235018.25
AC00630,Drummond Managed Portfolio,MANAGED,ACTIVE,2020-07-27,1509466.75
AC00631,Eckhart Family Trust Account,TRUST,ACTIVE,2020-07-07,1238581.8
AC00632,Eckhart Individual Brokerage,BROKERAGE,ACTIVE,2020-06-17,1513822.2
AC00633,Farnsworth Traditional IRA,IRA,ACTIVE,2020-05-28,1242145.35
AC00634,Farnsworth Managed Portfolio,MANAGED,ACTIVE,2020-05-08,1518177.65
AC00635,Goldstein Family Trust Account,TRUST,ACTIVE,2020-04-18,1245708.9
AC00636,Goldstein Individual Brokerage,BROKERAGE,ACTIVE,2020-03-29,1522533.1
AC00637,Hutchinson Traditional IRA,IRA,ACTIVE,2020-03-09,1249272.45
AC00638,Hutchinson Managed Portfolio,MANAGED,ACTIVE,2020-02-18,1526888.55
AC00639,Iverson Family Trust Account,TRUST,ACTIVE,2020-01-29,1252836.0
AC00640,Iverson Individual Brokerage,BROKERAGE,ACTIVE,2020-01-09,1531244.0
AC00641,Jefferson Traditional IRA,IRA,ACTIVE,2019-12-20,1256399.55
AC00642,Jefferson Managed Portfolio,MANAGED,ACTIVE,2019-11-30,1535599.45
AC00643,Kowalski Family Trust Account,TRUST,ACTIVE,2019-11-10,1259963.1
AC00644,Kowalski Individual Brokerage,BROKERAGE,ACTIVE,2019-10-21,1539954.9
AC00645,Lindqvist Traditional IRA,IRA,ACTIVE,2019-10-01,1263526.65
AC00646,Lindqvist Managed Portfolio,MANAGED,ACTIVE,2019-09-11,1544310.35
AC00647,MacAllister Family Trust Account,TRUST,ACTIVE,2019-08-22,1267090.2
AC00648,MacAllister Individual Brokerage,BROKERAGE,ACTIVE,2019-08-02,1548665.8
AC00649,Novak Traditional IRA,IRA,ACTIVE,2019-07-13,1270653.75
AC00650,Novak Managed Portfolio,MANAGED,ACTIVE,2019-06-23,1553021.25
AC00651,O'Donnell Family Trust Account,TRUST,ACTIVE,2019-06-03,1274217.3
AC00652,O'Donnell Individual Brokerage,BROKERAGE,ACTIVE,2019-05-14,1557376.7
AC00653,Petrov Traditional IRA,IRA,ACTIVE,2019-04-24,1277780.85
AC00654,Petrov Managed Portfolio,MANAGED,ACTIVE,2019-04-04,1561732.15
AC00655,Quintero Family Trust Account,TRUST,ACTIVE,2019-03-15,1281344.4
AC00656,Quintero Individual Brokerage,BROKERAGE,ACTIVE,2019-02-23,1566087.6
AC00657,Rosenberg Traditional IRA,IRA,ACTIVE,2019-02-03,1284907.95
AC00658,Rosenberg Managed Portfolio,MANAGED,ACTIVE,2019-01-14,1570443.05
AC00659,Sandoval Family Trust Account,TRUST,ACTIVE,2018-12-25,1288471.5
AC00660,Sandoval Individual Brokerage,BROKERAGE,ACTIVE,2018-12-05,1574798.5
AC00661,Takahashi Traditional IRA,IRA,ACTIVE,2018-11-15,1292035.05
AC00662,Takahashi Managed Portfolio,MANAGED,ACTIVE,2018-10-26,1579153.95
AC00663,Ulrich Family Trust Account,TRUST,ACTIVE,2018-10-06,1295598.6
AC00664,Ulrich Individual Brokerage,BROKERAGE,ACTIVE,2018-09-16,1583509.4
AC00665,Vance Traditional IRA,IRA,ACTIVE,2018-08-27,1299162.15
AC00666,Vance Managed Portfolio,MANAGED,ACTIVE,2018-08-07,1587864.85
AC00667,Whitmore Family Trust Account,TRUST,ACTIVE,2018-07-18,1302725.7
AC00668,Whitmore Individual Brokerage,BROKERAGE,ACTIVE,2018-06-28,1592220.3
AC00669,Xiong Traditional IRA,IRA,ACTIVE,2018-06-08,1306289.25
AC00670,Xiong Managed Portfolio,MANAGED,ACTIVE,2018-05-19,1596575.75
AC00671,Yamamoto Family Trust Account,TRUST,ACTIVE,2018-04-29,1309852.8
AC00672,Yamamoto Individual Brokerage,BROKERAGE,ACTIVE,2018-04-09,1600931.2
AC00673,Zhao Traditional IRA,IRA,ACTIVE,2018-03-20,1313416.35
AC00674,Zhao Managed Portfolio,MANAGED,ACTIVE,2018-02-28,1605286.65
AC00675,Ainsley Family Trust Account,TRUST,ACTIVE,2018-02-08,1316979.9
AC00676,Ainsley Individual Brokerage,BROKERAGE,ACTIVE,2018-01-19,1609642.1
AC00677,Barrington Traditional IRA,IRA,ACTIVE,2017-12-30,1320543.45
AC00678,Barrington Managed Portfolio,MANAGED,ACTIVE,2017-12-10,1613997.55
AC00679,Crawford Family Trust Account,TRUST,ACTIVE,2017-11-20,1324107.0
AC00680,Crawford Individual Brokerage,BROKERAGE,ACTIVE,2017-10-31,1618353.0
AC00681,Devereaux Traditional IRA,IRA,ACTIVE,2017-10-11,1327670.55
AC00682,Devereaux Managed Portfolio,MANAGED,ACTIVE,2017-09-21,1622708.45
AC00683,Emerson Family Trust Account,TRUST,ACTIVE,2017-09-01,1331234.1
AC00684,Emerson Individual Brokerage,BROKERAGE,ACTIVE,2017-08-12,1627063.9
AC00685,Foster Traditional IRA,IRA,ACTIVE,2017-07-23,1334797.65
AC00686,Foster Managed Portfolio,MANAGED,ACTIVE,2017-07-03,1631419.35
AC00687,Gallagher Family Trust Account,TRUST,ACTIVE,2017-06-13,1338361.2
AC00688,Gallagher Individual Brokerage,BROKERAGE,ACTIVE,2017-05-24,1635774.8
AC00689,Hawthorne Traditional IRA,IRA,ACTIVE,2017-05-04,1341924.75
AC00690,Hawthorne Managed Portfolio,MANAGED,ACTIVE,2017-04-14,1640130.25
AC00691,Ibrahim Family Trust Account,TRUST,ACTIVE,2017-03-25,1345488.3
AC00692,Ibrahim Individual Brokerage,BROKERAGE,ACTIVE,2017-03-05,1644485.7
AC00693,Josephson Traditional IRA,IRA,ACTIVE,2017-02-13,1349051.85
AC00694,Josephson Managed Portfolio,MANAGED,ACTIVE,2017-01-24,1648841.15
AC00695,Kaplan Family Trust Account,TRUST,ACTIVE,2017-01-04,1352615.4
AC00696,Kaplan Individual Brokerage,BROKERAGE,ACTIVE,2016-12-15,1653196.6
AC00697,Livingston Traditional IRA,IRA,ACTIVE,2016-11-25,1356178.95
AC00698,Livingston Managed Portfolio,MANAGED,ACTIVE,2016-11-05,1657552.05
AC00699,Moreau Family Trust Account,TRUST,ACTIVE,2016-10-16,1359742.5
AC00700,Moreau Individual Brokerage,BROKERAGE,ACTIVE,2016-09-26,1661907.5
AC00701,Nystrom Traditional IRA,IRA,ACTIVE,2016-09-06,1363306.05
AC00702,Nystrom Managed Portfolio,MANAGED,ACTIVE,2016-08-17,1666262.95
AC00703,Okafor Family Trust Account,TRUST,ACTIVE,2016-07-28,1366869.6
AC00704,Okafor Individual Brokerage,BROKERAGE,ACTIVE,2016-07-08,1670618.4
AC00705,Palmer Traditional IRA,IRA,ACTIVE,2016-06-18,1370433.15
AC00706,Palmer Managed Portfolio,MANAGED,ACTIVE,2016-05-29,1674973.85
AC00707,Quigley Family Trust Account,TRUST,ACTIVE,2016-05-09,1373996.7
AC00708,Quigley Individual Brokerage,BROKERAGE,ACTIVE,2016-04-19,1679329.3
AC00709,Remington Traditional IRA,IRA,ACTIVE,2016-03-30,1377560.25
AC00710,Remington Managed Portfolio,MANAGED,ACTIVE,2016-03-10,1683684.75
AC00711,Silverstein Family Trust Account,TRUST,ACTIVE,2016-02-19,1381123.8
AC00712,Silverstein Individual Brokerage,BROKERAGE,ACTIVE,2016-01-30,1688040.2
AC00713,Thibodeaux Traditional IRA,IRA,ACTIVE,2016-01-10,1384687.35
AC00714,Thibodeaux Managed Portfolio,MANAGED,ACTIVE,2015-12-21,1692395.65
AC00715,Umana Family Trust Account,TRUST,ACTIVE,2015-12-01,1388250.9
AC00716,Umana Individual Brokerage,BROKERAGE,ACTIVE,2015-11-11,1696751.1
AC00717,Vasquez Traditional IRA,IRA,ACTIVE,2015-10-22,1391814.45
AC00718,Vasquez Managed Portfolio,MANAGED,ACTIVE,2015-10-02,1701106.55
AC00719,Wilkerson Family Trust Account,TRUST,ACTIVE,2015-09-12,1395378.0
AC00720,Wilkerson Individual Brokerage,BROKERAGE,ACTIVE,2025-07-01,1705462.0
