reasoning_id,artifact_type,artifact_id,reasoning_steps_json,evidence_json,model_name,prompt_version,confidence,created_at
REASON_A001,RECOMMENDATION,REC_A001,"[""Resolve persona and scope"", ""Retrieve graph facts"", ""Build feature snapshot"", ""Score prediction"", ""Create opportunity"", ""Select playbook"", ""Generate next best action""]","{""features"": {""revenue_growth_3m"": 1.1, ""managed_revenue_ratio"": 0.185, ""pending_lead_count"": 3, ""referral_conversion_rate"": 0.18, ""crm_pipeline_value"": 335000, ""days_since_last_followup"": 9, ""agp_milestone_attainment_pct"": 62, ""peer_gap_pct"": -13.2, ""recommendation_acceptance_rate"": 0.43}, ""prediction_id"": ""PRED_A001"", ""opportunity_id"": ""OPP_A001"", ""memory_id"": ""MEM_A001""}",rules-plus-llm-narrative,v1.0,0.84,2026-07-01
REASON_A002,RECOMMENDATION,REC_A002,"[""Resolve persona and scope"", ""Retrieve graph facts"", ""Build feature snapshot"", ""Score prediction"", ""Create opportunity"", ""Select playbook"", ""Generate next best action""]","{""features"": {""revenue_growth_3m"": 1.0, ""managed_revenue_ratio"": 0.22, ""pending_lead_count"": 6, ""referral_conversion_rate"": 0.24, ""crm_pipeline_value"": 370000, ""days_since_last_followup"": 18, ""agp_milestone_attainment_pct"": 69, ""peer_gap_pct"": -11.0, ""recommendation_acceptance_rate"": 0.51}, ""prediction_id"": ""PRED_A002"", ""opportunity_id"": ""OPP_A002"", ""memory_id"": ""MEM_A002""}",rules-plus-llm-narrative,v1.0,0.84,2026-07-01
REASON_A003,RECOMMENDATION,REC_A003,"[""Resolve persona and scope"", ""Retrieve graph facts"", ""Build feature snapshot"", ""Score prediction"", ""Create opportunity"", ""Select playbook"", ""Generate next best action""]","{""features"": {""revenue_growth_3m"": 0.9, ""managed_revenue_ratio"": 0.255, ""pending_lead_count"": 1, ""referral_conversion_rate"": 0.3, ""crm_pipeline_value"": 405000, ""days_since_last_followup"": 27, ""agp_milestone_attainment_pct"": 76, ""peer_gap_pct"": -8.8, ""recommendation_acceptance_rate"": 0.59}, ""prediction_id"": ""PRED_A003"", ""opportunity_id"": ""OPP_A003"", ""memory_id"": ""MEM_A003""}",rules-plus-llm-narrative,v1.0,0.84,2026-07-01
REASON_A004,RECOMMENDATION,REC_A004,"[""Resolve persona and scope"", ""Retrieve graph facts"", ""Build feature snapshot"", ""Score prediction"", ""Create opportunity"", ""Select playbook"", ""Generate next best action""]","{""features"": {""revenue_growth_3m"": 0.8, ""managed_revenue_ratio"": 0.29, ""pending_lead_count"": 4, ""referral_conversion_rate"": 0.36, ""crm_pipeline_value"": 440000, ""days_since_last_followup"": 36, ""agp_milestone_attainment_pct"": 83, ""peer_gap_pct"": -6.6, ""recommendation_acceptance_rate"": 0.67}, ""prediction_id"": ""PRED_A004"", ""opportunity_id"": ""OPP_A004"", ""memory_id"": ""MEM_A004""}",rules-plus-llm-narrative,v1.0,0.84,2026-07-01
REASON_A005,RECOMMENDATION,REC_A005,"[""Resolve persona and scope"", ""Retrieve graph facts"", ""Build feature snapshot"", ""Score prediction"", ""Create opportunity"", ""Select playbook"", ""Generate next best action""]","{""features"": {""revenue_growth_3m"": 0.7, ""managed_revenue_ratio"": 0.325, ""pending_lead_count"": 7, ""referral_conversion_rate"": 0.42, ""crm_pipeline_value"": 475000, ""days_since_last_followup"": 45, ""agp_milestone_attainment_pct"": 90, ""peer_gap_pct"": -4.4, ""recommendation_acceptance_rate"": 0.75}, ""prediction_id"": ""PRED_A005"", ""opportunity_id"": ""OPP_A005"", ""memory_id"": ""MEM_A005""}",rules-plus-llm-narrative,v1.0,0.84,2026-07-01
REASON_A006,RECOMMENDATION,REC_A006,"[""Resolve persona and scope"", ""Retrieve graph facts"", ""Build feature snapshot"", ""Score prediction"", ""Create opportunity"", ""Select playbook"", ""Generate next best action""]","{""features"": {""revenue_growth_3m"": 0.6, ""managed_revenue_ratio"": 0.36, ""pending_lead_count"": 2, ""referral_conversion_rate"": 0.48, ""crm_pipeline_value"": 510000, ""days_since_last_followup"": 54, ""agp_milestone_attainment_pct"": 97, ""peer_gap_pct"": -2.2, ""recommendation_acceptance_rate"": 0.35}, ""prediction_id"": ""PRED_A006"", ""opportunity_id"": ""OPP_A006"", ""memory_id"": ""MEM_A006""}",rules-plus-llm-narrative,v1.0,0.84,2026-07-01
REASON_A007,RECOMMENDATION,REC_A007,"[""Resolve persona and scope"", ""Retrieve graph facts"", ""Build feature snapshot"", ""Score prediction"", ""Create opportunity"", ""Select playbook"", ""Generate next best action""]","{""features"": {""revenue_growth_3m"": 0.5, ""managed_revenue_ratio"": 0.395, ""pending_lead_count"": 5, ""referral_conversion_rate"": 0.54, ""crm_pipeline_value"": 545000, ""days_since_last_followup"": 63, ""agp_milestone_attainment_pct"": 104, ""peer_gap_pct"": 0.0, ""recommendation_acceptance_rate"": 0.43}, ""prediction_id"": ""PRED_A007"", ""opportunity_id"": ""OPP_A007"", ""memory_id"": ""MEM_A007""}",rules-plus-llm-narrative,v1.0,0.84,2026-07-01
REASON_A008,RECOMMENDATION,REC_A008,"[""Resolve persona and scope"", ""Retrieve graph facts"", ""Build feature snapshot"", ""Score prediction"", ""Create opportunity"", ""Select playbook"", ""Generate next best action""]","{""features"": {""revenue_growth_3m"": 0.4, ""managed_revenue_ratio"": 0.43, ""pending_lead_count"": 0, ""referral_conversion_rate"": 0.12, ""crm_pipeline_value"": 580000, ""days_since_last_followup"": 2, ""agp_milestone_attainment_pct"": 61, ""peer_gap_pct"": 2.2, ""recommendation_acceptance_rate"": 0.51}, ""prediction_id"": ""PRED_A008"", ""opportunity_id"": ""OPP_A008"", ""memory_id"": ""MEM_A008""}",rules-plus-llm-narrative,v1.0,0.84,2026-07-01
REASON_A009,RECOMMENDATION,REC_A009,"[""Resolve persona and scope"", ""Retrieve graph facts"", ""Build feature snapshot"", ""Score prediction"", ""Create opportunity"", ""Select playbook"", ""Generate next best action""]","{""features"": {""revenue_growth_3m"": 0.3, ""managed_revenue_ratio"": 0.465, ""pending_lead_count"": 3, ""referral_conversion_rate"": 0.18, ""crm_pipeline_value"": 615000, ""days_since_last_followup"": 11, ""agp_milestone_attainment_pct"": 68, ""peer_gap_pct"": 4.4, ""recommendation_acceptance_rate"": 0.59}, ""prediction_id"": ""PRED_A009"", ""opportunity_id"": ""OPP_A009"", ""memory_id"": ""MEM_A009""}",rules-plus-llm-narrative,v1.0,0.84,2026-07-01
REASON_A010,RECOMMENDATION,REC_A010,"[""Resolve persona and scope"", ""Retrieve graph facts"", ""Build feature snapshot"", ""Score prediction"", ""Create opportunity"", ""Select playbook"", ""Generate next best action""]","{""features"": {""revenue_growth_3m"": 0.2, ""managed_revenue_ratio"": 0.5, ""pending_lead_count"": 6, ""referral_conversion_rate"": 0.24, ""crm_pipeline_value"": 650000, ""days_since_last_followup"": 20, ""agp_milestone_attainment_pct"": 75, ""peer_gap_pct"": 6.6, ""recommendation_acceptance_rate"": 0.67}, ""prediction_id"": ""PRED_A010"", ""opportunity_id"": ""OPP_A010"", ""memory_id"": ""MEM_A010""}",rules-plus-llm-narrative,v1.0,0.84,2026-07-01
REASON_A011,RECOMMENDATION,REC_A011,"[""Resolve persona and scope"", ""Retrieve graph facts"", ""Build feature snapshot"", ""Score prediction"", ""Create opportunity"", ""Select playbook"", ""Generate next best action""]","{""features"": {""revenue_growth_3m"": 0.1, ""managed_revenue_ratio"": 0.535, ""pending_lead_count"": 1, ""referral_conversion_rate"": 0.3, ""crm_pipeline_value"": 685000, ""days_since_last_followup"": 29, ""agp_milestone_attainment_pct"": 82, ""peer_gap_pct"": 8.8, ""recommendation_acceptance_rate"": 0.75}, ""prediction_id"": ""PRED_A011"", ""opportunity_id"": ""OPP_A011"", ""memory_id"": ""MEM_A011""}",rules-plus-llm-narrative,v1.0,0.84,2026-07-01
REASON_A012,RECOMMENDATION,REC_A012,"[""Resolve persona and scope"", ""Retrieve graph facts"", ""Build feature snapshot"", ""Score prediction"", ""Create opportunity"", ""Select playbook"", ""Generate next best action""]","{""features"": {""revenue_growth_3m"": 0.0, ""managed_revenue_ratio"": 0.15, ""pending_lead_count"": 4, ""referral_conversion_rate"": 0.36, ""crm_pipeline_value"": 720000, ""days_since_last_followup"": 38, ""agp_milestone_attainment_pct"": 89, ""peer_gap_pct"": 11.0, ""recommendation_acceptance_rate"": 0.35}, ""prediction_id"": ""PRED_A012"", ""opportunity_id"": ""OPP_A012"", ""memory_id"": ""MEM_A012""}",rules-plus-llm-narrative,v1.0,0.84,2026-07-01
REASON_A013,RECOMMENDATION,REC_A013,"[""Resolve persona and scope"", ""Retrieve graph facts"", ""Build feature snapshot"", ""Score prediction"", ""Create opportunity"", ""Select playbook"", ""Generate next best action""]","{""features"": {""revenue_growth_3m"": -0.1, ""managed_revenue_ratio"": 0.185, ""pending_lead_count"": 7, ""referral_conversion_rate"": 0.42, ""crm_pipeline_value"": 755000, ""days_since_last_followup"": 47, ""agp_milestone_attainment_pct"": 96, ""peer_gap_pct"": 13.2, ""recommendation_acceptance_rate"": 0.43}, ""prediction_id"": ""PRED_A013"", ""opportunity_id"": ""OPP_A013"", ""memory_id"": ""MEM_A013""}",rules-plus-llm-narrative,v1.0,0.84,2026-07-01
REASON_A014,RECOMMENDATION,REC_A014,"[""Resolve persona and scope"", ""Retrieve graph facts"", ""Build feature snapshot"", ""Score prediction"", ""Create opportunity"", ""Select playbook"", ""Generate next best action""]","{""features"": {""revenue_growth_3m"": -0.2, ""managed_revenue_ratio"": 0.22, ""pending_lead_count"": 2, ""referral_conversion_rate"": 0.48, ""crm_pipeline_value"": 790000, ""days_since_last_followup"": 56, ""agp_milestone_attainment_pct"": 103, ""peer_gap_pct"": 15.4, ""recommendation_acceptance_rate"": 0.51}, ""prediction_id"": ""PRED_A014"", ""opportunity_id"": ""OPP_A014"", ""memory_id"": ""MEM_A014""}",rules-plus-llm-narrative,v1.0,0.84,2026-07-01
REASON_A015,RECOMMENDATION,REC_A015,"[""Resolve persona and scope"", ""Retrieve graph facts"", ""Build feature snapshot"", ""Score prediction"", ""Create opportunity"", ""Select playbook"", ""Generate next best action""]","{""features"": {""revenue_growth_3m"": -0.3, ""managed_revenue_ratio"": 0.255, ""pending_lead_count"": 5, ""referral_conversion_rate"": 0.54, ""crm_pipeline_value"": 825000, ""days_since_last_followup"": 65, ""agp_milestone_attainment_pct"": 60, ""peer_gap_pct"": -15.4, ""recommendation_acceptance_rate"": 0.59}, ""prediction_id"": ""PRED_A015"", ""opportunity_id"": ""OPP_A015"", ""memory_id"": ""MEM_A015""}",rules-plus-llm-narrative,v1.0,0.84,2026-07-01
REASON_A016,RECOMMENDATION,REC_A016,"[""Resolve persona and scope"", ""Retrieve graph facts"", ""Build feature snapshot"", ""Score prediction"", ""Create opportunity"", ""Select playbook"", ""Generate next best action""]","{""features"": {""revenue_growth_3m"": -0.4, ""managed_revenue_ratio"": 0.29, ""pending_lead_count"": 0, ""referral_conversion_rate"": 0.12, ""crm_pipeline_value"": 860000, ""days_since_last_followup"": 4, ""agp_milestone_attainment_pct"": 67, ""peer_gap_pct"": -13.2, ""recommendation_acceptance_rate"": 0.67}, ""prediction_id"": ""PRED_A016"", ""opportunity_id"": ""OPP_A016"", ""memory_id"": ""MEM_A016""}",rules-plus-llm-narrative,v1.0,0.84,2026-07-01
REASON_A017,RECOMMENDATION,REC_A017,"[""Resolve persona and scope"", ""Retrieve graph facts"", ""Build feature snapshot"", ""Score prediction"", ""Create opportunity"", ""Select playbook"", ""Generate next best action""]","{""features"": {""revenue_growth_3m"": -0.5, ""managed_revenue_ratio"": 0.325, ""pending_lead_count"": 3, ""referral_conversion_rate"": 0.18, ""crm_pipeline_value"": 895000, ""days_since_last_followup"": 13, ""agp_milestone_attainment_pct"": 74, ""peer_gap_pct"": -11.0, ""recommendation_acceptance_rate"": 0.75}, ""prediction_id"": ""PRED_A017"", ""opportunity_id"": ""OPP_A017"", ""memory_id"": ""MEM_A017""}",rules-plus-llm-narrative,v1.0,0.84,2026-07-01
REASON_A018,RECOMMENDATION,REC_A018,"[""Resolve persona and scope"", ""Retrieve graph facts"", ""Build feature snapshot"", ""Score prediction"", ""Create opportunity"", ""Select playbook"", ""Generate next best action""]","{""features"": {""revenue_growth_3m"": -0.6, ""managed_revenue_ratio"": 0.36, ""pending_lead_count"": 6, ""referral_conversion_rate"": 0.24, ""crm_pipeline_value"": 930000, ""days_since_last_followup"": 22, ""agp_milestone_attainment_pct"": 81, ""peer_gap_pct"": -8.8, ""recommendation_acceptance_rate"": 0.35}, ""prediction_id"": ""PRED_A018"", ""opportunity_id"": ""OPP_A018"", ""memory_id"": ""MEM_A018""}",rules-plus-llm-narrative,v1.0,0.84,2026-07-01
REASON_A019,RECOMMENDATION,REC_A019,"[""Resolve persona and scope"", ""Retrieve graph facts"", ""Build feature snapshot"", ""Score prediction"", ""Create opportunity"", ""Select playbook"", ""Generate next best action""]","{""features"": {""revenue_growth_3m"": -0.7, ""managed_revenue_ratio"": 0.395, ""pending_lead_count"": 1, ""referral_conversion_rate"": 0.3, ""crm_pipeline_value"": 965000, ""days_since_last_followup"": 31, ""agp_milestone_attainment_pct"": 88, ""peer_gap_pct"": -6.6, ""recommendation_acceptance_rate"": 0.43}, ""prediction_id"": ""PRED_A019"", ""opportunity_id"": ""OPP_A019"", ""memory_id"": ""MEM_A019""}",rules-plus-llm-narrative,v1.0,0.84,2026-07-01
REASON_A020,RECOMMENDATION,REC_A020,"[""Resolve persona and scope"", ""Retrieve graph facts"", ""Build feature snapshot"", ""Score prediction"", ""Create opportunity"", ""Select playbook"", ""Generate next best action""]","{""features"": {""revenue_growth_3m"": 1.2, ""managed_revenue_ratio"": 0.43, ""pending_lead_count"": 4, ""referral_conversion_rate"": 0.36, ""crm_pipeline_value"": 1000000, ""days_since_last_followup"": 40, ""agp_milestone_attainment_pct"": 95, ""peer_gap_pct"": -4.4, ""recommendation_acceptance_rate"": 0.51}, ""prediction_id"": ""PRED_A020"", ""opportunity_id"": ""OPP_A020"", ""memory_id"": ""MEM_A020""}",rules-plus-llm-narrative,v1.0,0.84,2026-07-01
REASON_A021,RECOMMENDATION,REC_A021,"[""Resolve persona and scope"", ""Retrieve graph facts"", ""Build feature snapshot"", ""Score prediction"", ""Create opportunity"", ""Select playbook"", ""Generate next best action""]","{""features"": {""revenue_growth_3m"": 1.1, ""managed_revenue_ratio"": 0.465, ""pending_lead_count"": 7, ""referral_conversion_rate"": 0.42, ""crm_pipeline_value"": 1035000, ""days_since_last_followup"": 49, ""agp_milestone_attainment_pct"": 102, ""peer_gap_pct"": -2.2, ""recommendation_acceptance_rate"": 0.59}, ""prediction_id"": ""PRED_A021"", ""opportunity_id"": ""OPP_A021"", ""memory_id"": ""MEM_A021""}",rules-plus-llm-narrative,v1.0,0.84,2026-07-01
REASON_A022,RECOMMENDATION,REC_A022,"[""Resolve persona and scope"", ""Retrieve graph facts"", ""Build feature snapshot"", ""Score prediction"", ""Create opportunity"", ""Select playbook"", ""Generate next best action""]","{""features"": {""revenue_growth_3m"": 1.0, ""managed_revenue_ratio"": 0.5, ""pending_lead_count"": 2, ""referral_conversion_rate"": 0.48, ""crm_pipeline_value"": 1070000, ""days_since_last_followup"": 58, ""agp_milestone_attainment_pct"": 59, ""peer_gap_pct"": 0.0, ""recommendation_acceptance_rate"": 0.67}, ""prediction_id"": ""PRED_A022"", ""opportunity_id"": ""OPP_A022"", ""memory_id"": ""MEM_A022""}",rules-plus-llm-narrative,v1.0,0.84,2026-07-01
REASON_A023,RECOMMENDATION,REC_A023,"[""Resolve persona and scope"", ""Retrieve graph facts"", ""Build feature snapshot"", ""Score prediction"", ""Create opportunity"", ""Select playbook"", ""Generate next best action""]","{""features"": {""revenue_growth_3m"": 0.9, ""managed_revenue_ratio"": 0.535, ""pending_lead_count"": 5, ""referral_conversion_rate"": 0.54, ""crm_pipeline_value"": 1105000, ""days_since_last_followup"": 67, ""agp_milestone_attainment_pct"": 66, ""peer_gap_pct"": 2.2, ""recommendation_acceptance_rate"": 0.75}, ""prediction_id"": ""PRED_A023"", ""opportunity_id"": ""OPP_A023"", ""memory_id"": ""MEM_A023""}",rules-plus-llm-narrative,v1.0,0.84,2026-07-01
REASON_A024,RECOMMENDATION,REC_A024,"[""Resolve persona and scope"", ""Retrieve graph facts"", ""Build feature snapshot"", ""Score prediction"", ""Create opportunity"", ""Select playbook"", ""Generate next best action""]","{""features"": {""revenue_growth_3m"": 0.8, ""managed_revenue_ratio"": 0.15, ""pending_lead_count"": 0, ""referral_conversion_rate"": 0.12, ""crm_pipeline_value"": 1140000, ""days_since_last_followup"": 6, ""agp_milestone_attainment_pct"": 73, ""peer_gap_pct"": 4.4, ""recommendation_acceptance_rate"": 0.35}, ""prediction_id"": ""PRED_A024"", ""opportunity_id"": ""OPP_A024"", ""memory_id"": ""MEM_A024""}",rules-plus-llm-narrative,v1.0,0.84,2026-07-01
REASON_A025,RECOMMENDATION,REC_A025,"[""Resolve persona and scope"", ""Retrieve graph facts"", ""Build feature snapshot"", ""Score prediction"", ""Create opportunity"", ""Select playbook"", ""Generate next best action""]","{""features"": {""revenue_growth_3m"": 0.7, ""managed_revenue_ratio"": 0.185, ""pending_lead_count"": 3, ""referral_conversion_rate"": 0.18, ""crm_pipeline_value"": 1175000, ""days_since_last_followup"": 15, ""agp_milestone_attainment_pct"": 100.0, ""peer_gap_pct"": 6.6, ""recommendation_acceptance_rate"": 0.43}, ""prediction_id"": ""PRED_A025"", ""opportunity_id"": ""OPP_A025"", ""memory_id"": ""MEM_A025""}",rules-plus-llm-narrative,v1.0,0.84,2026-07-01
REASON_A026,RECOMMENDATION,REC_A026,"[""Resolve persona and scope"", ""Retrieve graph facts"", ""Build feature snapshot"", ""Score prediction"", ""Create opportunity"", ""Select playbook"", ""Generate next best action""]","{""features"": {""revenue_growth_3m"": 0.6, ""managed_revenue_ratio"": 0.22, ""pending_lead_count"": 6, ""referral_conversion_rate"": 0.24, ""crm_pipeline_value"": 1210000, ""days_since_last_followup"": 24, ""agp_milestone_attainment_pct"": 100.0, ""peer_gap_pct"": 8.8, ""recommendation_acceptance_rate"": 0.51}, ""prediction_id"": ""PRED_A026"", ""opportunity_id"": ""OPP_A026"", ""memory_id"": ""MEM_A026""}",rules-plus-llm-narrative,v1.0,0.84,2026-07-01
REASON_A027,RECOMMENDATION,REC_A027,"[""Resolve persona and scope"", ""Retrieve graph facts"", ""Build feature snapshot"", ""Score prediction"", ""Create opportunity"", ""Select playbook"", ""Generate next best action""]","{""features"": {""revenue_growth_3m"": 0.5, ""managed_revenue_ratio"": 0.255, ""pending_lead_count"": 1, ""referral_conversion_rate"": 0.3, ""crm_pipeline_value"": 1245000, ""days_since_last_followup"": 33, ""agp_milestone_attainment_pct"": 100.0, ""peer_gap_pct"": 11.0, ""recommendation_acceptance_rate"": 0.59}, ""prediction_id"": ""PRED_A027"", ""opportunity_id"": ""OPP_A027"", ""memory_id"": ""MEM_A027""}",rules-plus-llm-narrative,v1.0,0.84,2026-07-01
REASON_A028,RECOMMENDATION,REC_A028,"[""Resolve persona and scope"", ""Retrieve graph facts"", ""Build feature snapshot"", ""Score prediction"", ""Create opportunity"", ""Select playbook"", ""Generate next best action""]","{""features"": {""revenue_growth_3m"": 0.4, ""managed_revenue_ratio"": 0.29, ""pending_lead_count"": 4, ""referral_conversion_rate"": 0.36, ""crm_pipeline_value"": 1280000, ""days_since_last_followup"": 42, ""agp_milestone_attainment_pct"": 100.0, ""peer_gap_pct"": 13.2, ""recommendation_acceptance_rate"": 0.67}, ""prediction_id"": ""PRED_A028"", ""opportunity_id"": ""OPP_A028"", ""memory_id"": ""MEM_A028""}",rules-plus-llm-narrative,v1.0,0.84,2026-07-01
REASON_A029,RECOMMENDATION,REC_A029,"[""Resolve persona and scope"", ""Retrieve graph facts"", ""Build feature snapshot"", ""Score prediction"", ""Create opportunity"", ""Select playbook"", ""Generate next best action""]","{""features"": {""revenue_growth_3m"": 0.3, ""managed_revenue_ratio"": 0.325, ""pending_lead_count"": 7, ""referral_conversion_rate"": 0.42, ""crm_pipeline_value"": 1315000, ""days_since_last_followup"": 51, ""agp_milestone_attainment_pct"": 100.0, ""peer_gap_pct"": 15.4, ""recommendation_acceptance_rate"": 0.75}, ""prediction_id"": ""PRED_A029"", ""opportunity_id"": ""OPP_A029"", ""memory_id"": ""MEM_A029""}",rules-plus-llm-narrative,v1.0,0.84,2026-07-01
REASON_A030,RECOMMENDATION,REC_A030,"[""Resolve persona and scope"", ""Retrieve graph facts"", ""Build feature snapshot"", ""Score prediction"", ""Create opportunity"", ""Select playbook"", ""Generate next best action""]","{""features"": {""revenue_growth_3m"": 0.2, ""managed_revenue_ratio"": 0.36, ""pending_lead_count"": 2, ""referral_conversion_rate"": 0.48, ""crm_pipeline_value"": 1350000, ""days_since_last_followup"": 60, ""agp_milestone_attainment_pct"": 100.0, ""peer_gap_pct"": -15.4, ""recommendation_acceptance_rate"": 0.35}, ""prediction_id"": ""PRED_A030"", ""opportunity_id"": ""OPP_A030"", ""memory_id"": ""MEM_A030""}",rules-plus-llm-narrative,v1.0,0.84,2026-07-01
REASON_A031,RECOMMENDATION,REC_A031,"[""Resolve persona and scope"", ""Retrieve graph facts"", ""Build feature snapshot"", ""Score prediction"", ""Create opportunity"", ""Select playbook"", ""Generate next best action""]","{""features"": {""revenue_growth_3m"": 0.1, ""managed_revenue_ratio"": 0.395, ""pending_lead_count"": 5, ""referral_conversion_rate"": 0.54, ""crm_pipeline_value"": 1385000, ""days_since_last_followup"": 69, ""agp_milestone_attainment_pct"": 100.0, ""peer_gap_pct"": -13.2, ""recommendation_acceptance_rate"": 0.43}, ""prediction_id"": ""PRED_A031"", ""opportunity_id"": ""OPP_A031"", ""memory_id"": ""MEM_A031""}",rules-plus-llm-narrative,v1.0,0.84,2026-07-01
REASON_A032,RECOMMENDATION,REC_A032,"[""Resolve persona and scope"", ""Retrieve graph facts"", ""Build feature snapshot"", ""Score prediction"", ""Create opportunity"", ""Select playbook"", ""Generate next best action""]","{""features"": {""revenue_growth_3m"": 0.0, ""managed_revenue_ratio"": 0.43, ""pending_lead_count"": 0, ""referral_conversion_rate"": 0.12, ""crm_pipeline_value"": 1420000, ""days_since_last_followup"": 8, ""agp_milestone_attainment_pct"": 100.0, ""peer_gap_pct"": -11.0, ""recommendation_acceptance_rate"": 0.51}, ""prediction_id"": ""PRED_A032"", ""opportunity_id"": ""OPP_A032"", ""memory_id"": ""MEM_A032""}",rules-plus-llm-narrative,v1.0,0.84,2026-07-01
REASON_A033,RECOMMENDATION,REC_A033,"[""Resolve persona and scope"", ""Retrieve graph facts"", ""Build feature snapshot"", ""Score prediction"", ""Create opportunity"", ""Select playbook"", ""Generate next best action""]","{""features"": {""revenue_growth_3m"": -0.1, ""managed_revenue_ratio"": 0.465, ""pending_lead_count"": 3, ""referral_conversion_rate"": 0.18, ""crm_pipeline_value"": 1455000, ""days_since_last_followup"": 17, ""agp_milestone_attainment_pct"": 100.0, ""peer_gap_pct"": -8.8, ""recommendation_acceptance_rate"": 0.59}, ""prediction_id"": ""PRED_A033"", ""opportunity_id"": ""OPP_A033"", ""memory_id"": ""MEM_A033""}",rules-plus-llm-narrative,v1.0,0.84,2026-07-01
REASON_A034,RECOMMENDATION,REC_A034,"[""Resolve persona and scope"", ""Retrieve graph facts"", ""Build feature snapshot"", ""Score prediction"", ""Create opportunity"", ""Select playbook"", ""Generate next best action""]","{""features"": {""revenue_growth_3m"": -0.2, ""managed_revenue_ratio"": 0.5, ""pending_lead_count"": 6, ""referral_conversion_rate"": 0.24, ""crm_pipeline_value"": 1490000, ""days_since_last_followup"": 26, ""agp_milestone_attainment_pct"": 100.0, ""peer_gap_pct"": -6.6, ""recommendation_acceptance_rate"": 0.67}, ""prediction_id"": ""PRED_A034"", ""opportunity_id"": ""OPP_A034"", ""memory_id"": ""MEM_A034""}",rules-plus-llm-narrative,v1.0,0.84,2026-07-01
REASON_A035,RECOMMENDATION,REC_A035,"[""Resolve persona and scope"", ""Retrieve graph facts"", ""Build feature snapshot"", ""Score prediction"", ""Create opportunity"", ""Select playbook"", ""Generate next best action""]","{""features"": {""revenue_growth_3m"": -0.3, ""managed_revenue_ratio"": 0.535, ""pending_lead_count"": 1, ""referral_conversion_rate"": 0.3, ""crm_pipeline_value"": 1525000, ""days_since_last_followup"": 35, ""agp_milestone_attainment_pct"": 100.0, ""peer_gap_pct"": -4.4, ""recommendation_acceptance_rate"": 0.75}, ""prediction_id"": ""PRED_A035"", ""opportunity_id"": ""OPP_A035"", ""memory_id"": ""MEM_A035""}",rules-plus-llm-narrative,v1.0,0.84,2026-07-01
REASON_A036,RECOMMENDATION,REC_A036,"[""Resolve persona and scope"", ""Retrieve graph facts"", ""Build feature snapshot"", ""Score prediction"", ""Create opportunity"", ""Select playbook"", ""Generate next best action""]","{""features"": {""revenue_growth_3m"": -0.4, ""managed_revenue_ratio"": 0.15, ""pending_lead_count"": 4, ""referral_conversion_rate"": 0.36, ""crm_pipeline_value"": 1560000, ""days_since_last_followup"": 44, ""agp_milestone_attainment_pct"": 100.0, ""peer_gap_pct"": -2.2, ""recommendation_acceptance_rate"": 0.35}, ""prediction_id"": ""PRED_A036"", ""opportunity_id"": ""OPP_A036"", ""memory_id"": ""MEM_A036""}",rules-plus-llm-narrative,v1.0,0.84,2026-07-01
REASON_A037,RECOMMENDATION,REC_A037,"[""Resolve persona and scope"", ""Retrieve graph facts"", ""Build feature snapshot"", ""Score prediction"", ""Create opportunity"", ""Select playbook"", ""Generate next best action""]","{""features"": {""revenue_growth_3m"": -0.5, ""managed_revenue_ratio"": 0.185, ""pending_lead_count"": 7, ""referral_conversion_rate"": 0.42, ""crm_pipeline_value"": 1595000, ""days_since_last_followup"": 53, ""agp_milestone_attainment_pct"": 100.0, ""peer_gap_pct"": 0.0, ""recommendation_acceptance_rate"": 0.43}, ""prediction_id"": ""PRED_A037"", ""opportunity_id"": ""OPP_A037"", ""memory_id"": ""MEM_A037""}",rules-plus-llm-narrative,v1.0,0.84,2026-07-01
REASON_A038,RECOMMENDATION,REC_A038,"[""Resolve persona and scope"", ""Retrieve graph facts"", ""Build feature snapshot"", ""Score prediction"", ""Create opportunity"", ""Select playbook"", ""Generate next best action""]","{""features"": {""revenue_growth_3m"": -0.6, ""managed_revenue_ratio"": 0.22, ""pending_lead_count"": 2, ""referral_conversion_rate"": 0.48, ""crm_pipeline_value"": 1630000, ""days_since_last_followup"": 62, ""agp_milestone_attainment_pct"": 100.0, ""peer_gap_pct"": 2.2, ""recommendation_acceptance_rate"": 0.51}, ""prediction_id"": ""PRED_A038"", ""opportunity_id"": ""OPP_A038"", ""memory_id"": ""MEM_A038""}",rules-plus-llm-narrative,v1.0,0.84,2026-07-01
REASON_A039,RECOMMENDATION,REC_A039,"[""Resolve persona and scope"", ""Retrieve graph facts"", ""Build feature snapshot"", ""Score prediction"", ""Create opportunity"", ""Select playbook"", ""Generate next best action""]","{""features"": {""revenue_growth_3m"": -0.7, ""managed_revenue_ratio"": 0.255, ""pending_lead_count"": 5, ""referral_conversion_rate"": 0.54, ""crm_pipeline_value"": 1665000, ""days_since_last_followup"": 1, ""agp_milestone_attainment_pct"": 100.0, ""peer_gap_pct"": 4.4, ""recommendation_acceptance_rate"": 0.59}, ""prediction_id"": ""PRED_A039"", ""opportunity_id"": ""OPP_A039"", ""memory_id"": ""MEM_A039""}",rules-plus-llm-narrative,v1.0,0.84,2026-07-01
REASON_A040,RECOMMENDATION,REC_A040,"[""Resolve persona and scope"", ""Retrieve graph facts"", ""Build feature snapshot"", ""Score prediction"", ""Create opportunity"", ""Select playbook"", ""Generate next best action""]","{""features"": {""revenue_growth_3m"": 1.2, ""managed_revenue_ratio"": 0.29, ""pending_lead_count"": 0, ""referral_conversion_rate"": 0.12, ""crm_pipeline_value"": 1700000, ""days_since_last_followup"": 10, ""agp_milestone_attainment_pct"": 100.0, ""peer_gap_pct"": 6.6, ""recommendation_acceptance_rate"": 0.67}, ""prediction_id"": ""PRED_A040"", ""opportunity_id"": ""OPP_A040"", ""memory_id"": ""MEM_A040""}",rules-plus-llm-narrative,v1.0,0.84,2026-07-01
REASON_A041,RECOMMENDATION,REC_A041,"[""Resolve persona and scope"", ""Retrieve graph facts"", ""Build feature snapshot"", ""Score prediction"", ""Create opportunity"", ""Select playbook"", ""Generate next best action""]","{""features"": {""revenue_growth_3m"": 1.1, ""managed_revenue_ratio"": 0.325, ""pending_lead_count"": 3, ""referral_conversion_rate"": 0.18, ""crm_pipeline_value"": 1735000, ""days_since_last_followup"": 19, ""agp_milestone_attainment_pct"": 100.0, ""peer_gap_pct"": 8.8, ""recommendation_acceptance_rate"": 0.75}, ""prediction_id"": ""PRED_A041"", ""opportunity_id"": ""OPP_A041"", ""memory_id"": ""MEM_A041""}",rules-plus-llm-narrative,v1.0,0.84,2026-07-01
REASON_A042,RECOMMENDATION,REC_A042,"[""Resolve persona and scope"", ""Retrieve graph facts"", ""Build feature snapshot"", ""Score prediction"", ""Create opportunity"", ""Select playbook"", ""Generate next best action""]","{""features"": {""revenue_growth_3m"": 1.0, ""managed_revenue_ratio"": 0.36, ""pending_lead_count"": 6, ""referral_conversion_rate"": 0.24, ""crm_pipeline_value"": 1770000, ""days_since_last_followup"": 28, ""agp_milestone_attainment_pct"": 100.0, ""peer_gap_pct"": 11.0, ""recommendation_acceptance_rate"": 0.35}, ""prediction_id"": ""PRED_A042"", ""opportunity_id"": ""OPP_A042"", ""memory_id"": ""MEM_A042""}",rules-plus-llm-narrative,v1.0,0.84,2026-07-01
REASON_A043,RECOMMENDATION,REC_A043,"[""Resolve persona and scope"", ""Retrieve graph facts"", ""Build feature snapshot"", ""Score prediction"", ""Create opportunity"", ""Select playbook"", ""Generate next best action""]","{""features"": {""revenue_growth_3m"": 0.9, ""managed_revenue_ratio"": 0.395, ""pending_lead_count"": 1, ""referral_conversion_rate"": 0.3, ""crm_pipeline_value"": 1805000, ""days_since_last_followup"": 37, ""agp_milestone_attainment_pct"": 100.0, ""peer_gap_pct"": 13.2, ""recommendation_acceptance_rate"": 0.43}, ""prediction_id"": ""PRED_A043"", ""opportunity_id"": ""OPP_A043"", ""memory_id"": ""MEM_A043""}",rules-plus-llm-narrative,v1.0,0.84,2026-07-01
REASON_A044,RECOMMENDATION,REC_A044,"[""Resolve persona and scope"", ""Retrieve graph facts"", ""Build feature snapshot"", ""Score prediction"", ""Create opportunity"", ""Select playbook"", ""Generate next best action""]","{""features"": {""revenue_growth_3m"": 0.8, ""managed_revenue_ratio"": 0.43, ""pending_lead_count"": 4, ""referral_conversion_rate"": 0.36, ""crm_pipeline_value"": 1840000, ""days_since_last_followup"": 46, ""agp_milestone_attainment_pct"": 100.0, ""peer_gap_pct"": 15.4, ""recommendation_acceptance_rate"": 0.51}, ""prediction_id"": ""PRED_A044"", ""opportunity_id"": ""OPP_A044"", ""memory_id"": ""MEM_A044""}",rules-plus-llm-narrative,v1.0,0.84,2026-07-01
REASON_A045,RECOMMENDATION,REC_A045,"[""Resolve persona and scope"", ""Retrieve graph facts"", ""Build feature snapshot"", ""Score prediction"", ""Create opportunity"", ""Select playbook"", ""Generate next best action""]","{""features"": {""revenue_growth_3m"": 0.7, ""managed_revenue_ratio"": 0.465, ""pending_lead_count"": 7, ""referral_conversion_rate"": 0.42, ""crm_pipeline_value"": 1875000, ""days_since_last_followup"": 55, ""agp_milestone_attainment_pct"": 100.0, ""peer_gap_pct"": -15.4, ""recommendation_acceptance_rate"": 0.59}, ""prediction_id"": ""PRED_A045"", ""opportunity_id"": ""OPP_A045"", ""memory_id"": ""MEM_A045""}",rules-plus-llm-narrative,v1.0,0.84,2026-07-01
REASON_A046,RECOMMENDATION,REC_A046,"[""Resolve persona and scope"", ""Retrieve graph facts"", ""Build feature snapshot"", ""Score prediction"", ""Create opportunity"", ""Select playbook"", ""Generate next best action""]","{""features"": {""revenue_growth_3m"": 0.6, ""managed_revenue_ratio"": 0.5, ""pending_lead_count"": 2, ""referral_conversion_rate"": 0.48, ""crm_pipeline_value"": 1910000, ""days_since_last_followup"": 64, ""agp_milestone_attainment_pct"": 100.0, ""peer_gap_pct"": -13.2, ""recommendation_acceptance_rate"": 0.67}, ""prediction_id"": ""PRED_A046"", ""opportunity_id"": ""OPP_A046"", ""memory_id"": ""MEM_A046""}",rules-plus-llm-narrative,v1.0,0.84,2026-07-01
REASON_A047,RECOMMENDATION,REC_A047,"[""Resolve persona and scope"", ""Retrieve graph facts"", ""Build feature snapshot"", ""Score prediction"", ""Create opportunity"", ""Select playbook"", ""Generate next best action""]","{""features"": {""revenue_growth_3m"": 0.5, ""managed_revenue_ratio"": 0.535, ""pending_lead_count"": 5, ""referral_conversion_rate"": 0.54, ""crm_pipeline_value"": 1945000, ""days_since_last_followup"": 3, ""agp_milestone_attainment_pct"": 100.0, ""peer_gap_pct"": -11.0, ""recommendation_acceptance_rate"": 0.75}, ""prediction_id"": ""PRED_A047"", ""opportunity_id"": ""OPP_A047"", ""memory_id"": ""MEM_A047""}",rules-plus-llm-narrative,v1.0,0.84,2026-07-01
REASON_A048,RECOMMENDATION,REC_A048,"[""Resolve persona and scope"", ""Retrieve graph facts"", ""Build feature snapshot"", ""Score prediction"", ""Create opportunity"", ""Select playbook"", ""Generate next best action""]","{""features"": {""revenue_growth_3m"": 0.4, ""managed_revenue_ratio"": 0.15, ""pending_lead_count"": 0, ""referral_conversion_rate"": 0.12, ""crm_pipeline_value"": 1980000, ""days_since_last_followup"": 12, ""agp_milestone_attainment_pct"": 100.0, ""peer_gap_pct"": -8.8, ""recommendation_acceptance_rate"": 0.35}, ""prediction_id"": ""PRED_A048"", ""opportunity_id"": ""OPP_A048"", ""memory_id"": ""MEM_A048""}",rules-plus-llm-narrative,v1.0,0.84,2026-07-01
REASON_A049,RECOMMENDATION,REC_A049,"[""Resolve persona and scope"", ""Retrieve graph facts"", ""Build feature snapshot"", ""Score prediction"", ""Create opportunity"", ""Select playbook"", ""Generate next best action""]","{""features"": {""revenue_growth_3m"": 0.3, ""managed_revenue_ratio"": 0.185, ""pending_lead_count"": 3, ""referral_conversion_rate"": 0.18, ""crm_pipeline_value"": 2015000, ""days_since_last_followup"": 21, ""agp_milestone_attainment_pct"": 100.0, ""peer_gap_pct"": -6.6, ""recommendation_acceptance_rate"": 0.43}, ""prediction_id"": ""PRED_A049"", ""opportunity_id"": ""OPP_A049"", ""memory_id"": ""MEM_A049""}",rules-plus-llm-narrative,v1.0,0.84,2026-07-01
REASON_A050,RECOMMENDATION,REC_A050,"[""Resolve persona and scope"", ""Retrieve graph facts"", ""Build feature snapshot"", ""Score prediction"", ""Create opportunity"", ""Select playbook"", ""Generate next best action""]","{""features"": {""revenue_growth_3m"": 0.2, ""managed_revenue_ratio"": 0.22, ""pending_lead_count"": 6, ""referral_conversion_rate"": 0.24, ""crm_pipeline_value"": 2050000, ""days_since_last_followup"": 30, ""agp_milestone_attainment_pct"": 100.0, ""peer_gap_pct"": -4.4, ""recommendation_acceptance_rate"": 0.51}, ""prediction_id"": ""PRED_A050"", ""opportunity_id"": ""OPP_A050"", ""memory_id"": ""MEM_A050""}",rules-plus-llm-narrative,v1.0,0.84,2026-07-01
REASON_A051,RECOMMENDATION,REC_A051,"[""Resolve persona and scope"", ""Retrieve graph facts"", ""Build feature snapshot"", ""Score prediction"", ""Create opportunity"", ""Select playbook"", ""Generate next best action""]","{""features"": {""revenue_growth_3m"": 0.1, ""managed_revenue_ratio"": 0.255, ""pending_lead_count"": 1, ""referral_conversion_rate"": 0.3, ""crm_pipeline_value"": 2085000, ""days_since_last_followup"": 39, ""agp_milestone_attainment_pct"": 100.0, ""peer_gap_pct"": -2.2, ""recommendation_acceptance_rate"": 0.59}, ""prediction_id"": ""PRED_A051"", ""opportunity_id"": ""OPP_A051"", ""memory_id"": ""MEM_A051""}",rules-plus-llm-narrative,v1.0,0.84,2026-07-01
REASON_A052,RECOMMENDATION,REC_A052,"[""Resolve persona and scope"", ""Retrieve graph facts"", ""Build feature snapshot"", ""Score prediction"", ""Create opportunity"", ""Select playbook"", ""Generate next best action""]","{""features"": {""revenue_growth_3m"": 0.0, ""managed_revenue_ratio"": 0.29, ""pending_lead_count"": 4, ""referral_conversion_rate"": 0.36, ""crm_pipeline_value"": 2120000, ""days_since_last_followup"": 48, ""agp_milestone_attainment_pct"": 100.0, ""peer_gap_pct"": 0.0, ""recommendation_acceptance_rate"": 0.67}, ""prediction_id"": ""PRED_A052"", ""opportunity_id"": ""OPP_A052"", ""memory_id"": ""MEM_A052""}",rules-plus-llm-narrative,v1.0,0.84,2026-07-01
REASON_A053,RECOMMENDATION,REC_A053,"[""Resolve persona and scope"", ""Retrieve graph facts"", ""Build feature snapshot"", ""Score prediction"", ""Create opportunity"", ""Select playbook"", ""Generate next best action""]","{""features"": {""revenue_growth_3m"": -0.1, ""managed_revenue_ratio"": 0.325, ""pending_lead_count"": 7, ""referral_conversion_rate"": 0.42, ""crm_pipeline_value"": 2155000, ""days_since_last_followup"": 57, ""agp_milestone_attainment_pct"": 100.0, ""peer_gap_pct"": 2.2, ""recommendation_acceptance_rate"": 0.75}, ""prediction_id"": ""PRED_A053"", ""opportunity_id"": ""OPP_A053"", ""memory_id"": ""MEM_A053""}",rules-plus-llm-narrative,v1.0,0.84,2026-07-01
REASON_A054,RECOMMENDATION,REC_A054,"[""Resolve persona and scope"", ""Retrieve graph facts"", ""Build feature snapshot"", ""Score prediction"", ""Create opportunity"", ""Select playbook"", ""Generate next best action""]","{""features"": {""revenue_growth_3m"": -0.2, ""managed_revenue_ratio"": 0.36, ""pending_lead_count"": 2, ""referral_conversion_rate"": 0.48, ""crm_pipeline_value"": 2190000, ""days_since_last_followup"": 66, ""agp_milestone_attainment_pct"": 100.0, ""peer_gap_pct"": 4.4, ""recommendation_acceptance_rate"": 0.35}, ""prediction_id"": ""PRED_A054"", ""opportunity_id"": ""OPP_A054"", ""memory_id"": ""MEM_A054""}",rules-plus-llm-narrative,v1.0,0.84,2026-07-01
REASON_A055,RECOMMENDATION,REC_A055,"[""Resolve persona and scope"", ""Retrieve graph facts"", ""Build feature snapshot"", ""Score prediction"", ""Create opportunity"", ""Select playbook"", ""Generate next best action""]","{""features"": {""revenue_growth_3m"": -0.3, ""managed_revenue_ratio"": 0.395, ""pending_lead_count"": 5, ""referral_conversion_rate"": 0.54, ""crm_pipeline_value"": 2225000, ""days_since_last_followup"": 5, ""agp_milestone_attainment_pct"": 100.0, ""peer_gap_pct"": 6.6, ""recommendation_acceptance_rate"": 0.43}, ""prediction_id"": ""PRED_A055"", ""opportunity_id"": ""OPP_A055"", ""memory_id"": ""MEM_A055""}",rules-plus-llm-narrative,v1.0,0.84,2026-07-01
REASON_A056,RECOMMENDATION,REC_A056,"[""Resolve persona and scope"", ""Retrieve graph facts"", ""Build feature snapshot"", ""Score prediction"", ""Create opportunity"", ""Select playbook"", ""Generate next best action""]","{""features"": {""revenue_growth_3m"": -0.4, ""managed_revenue_ratio"": 0.43, ""pending_lead_count"": 0, ""referral_conversion_rate"": 0.12, ""crm_pipeline_value"": 2260000, ""days_since_last_followup"": 14, ""agp_milestone_attainment_pct"": 100.0, ""peer_gap_pct"": 8.8, ""recommendation_acceptance_rate"": 0.51}, ""prediction_id"": ""PRED_A056"", ""opportunity_id"": ""OPP_A056"", ""memory_id"": ""MEM_A056""}",rules-plus-llm-narrative,v1.0,0.84,2026-07-01
REASON_A057,RECOMMENDATION,REC_A057,"[""Resolve persona and scope"", ""Retrieve graph facts"", ""Build feature snapshot"", ""Score prediction"", ""Create opportunity"", ""Select playbook"", ""Generate next best action""]","{""features"": {""revenue_growth_3m"": -0.5, ""managed_revenue_ratio"": 0.465, ""pending_lead_count"": 3, ""referral_conversion_rate"": 0.18, ""crm_pipeline_value"": 2295000, ""days_since_last_followup"": 23, ""agp_milestone_attainment_pct"": 100.0, ""peer_gap_pct"": 11.0, ""recommendation_acceptance_rate"": 0.59}, ""prediction_id"": ""PRED_A057"", ""opportunity_id"": ""OPP_A057"", ""memory_id"": ""MEM_A057""}",rules-plus-llm-narrative,v1.0,0.84,2026-07-01
REASON_A058,RECOMMENDATION,REC_A058,"[""Resolve persona and scope"", ""Retrieve graph facts"", ""Build feature snapshot"", ""Score prediction"", ""Create opportunity"", ""Select playbook"", ""Generate next best action""]","{""features"": {""revenue_growth_3m"": -0.6, ""managed_revenue_ratio"": 0.5, ""pending_lead_count"": 6, ""referral_conversion_rate"": 0.24, ""crm_pipeline_value"": 2330000, ""days_since_last_followup"": 32, ""agp_milestone_attainment_pct"": 100.0, ""peer_gap_pct"": 13.2, ""recommendation_acceptance_rate"": 0.67}, ""prediction_id"": ""PRED_A058"", ""opportunity_id"": ""OPP_A058"", ""memory_id"": ""MEM_A058""}",rules-plus-llm-narrative,v1.0,0.84,2026-07-01
REASON_A059,RECOMMENDATION,REC_A059,"[""Resolve persona and scope"", ""Retrieve graph facts"", ""Build feature snapshot"", ""Score prediction"", ""Create opportunity"", ""Select playbook"", ""Generate next best action""]","{""features"": {""revenue_growth_3m"": -0.7, ""managed_revenue_ratio"": 0.535, ""pending_lead_count"": 1, ""referral_conversion_rate"": 0.3, ""crm_pipeline_value"": 2365000, ""days_since_last_followup"": 41, ""agp_milestone_attainment_pct"": 100.0, ""peer_gap_pct"": 15.4, ""recommendation_acceptance_rate"": 0.75}, ""prediction_id"": ""PRED_A059"", ""opportunity_id"": ""OPP_A059"", ""memory_id"": ""MEM_A059""}",rules-plus-llm-narrative,v1.0,0.84,2026-07-01
REASON_A060,RECOMMENDATION,REC_A060,"[""Resolve persona and scope"", ""Retrieve graph facts"", ""Build feature snapshot"", ""Score prediction"", ""Create opportunity"", ""Select playbook"", ""Generate next best action""]","{""features"": {""revenue_growth_3m"": 1.2, ""managed_revenue_ratio"": 0.15, ""pending_lead_count"": 4, ""referral_conversion_rate"": 0.36, ""crm_pipeline_value"": 2400000, ""days_since_last_followup"": 50, ""agp_milestone_attainment_pct"": 100.0, ""peer_gap_pct"": -15.4, ""recommendation_acceptance_rate"": 0.35}, ""prediction_id"": ""PRED_A060"", ""opportunity_id"": ""OPP_A060"", ""memory_id"": ""MEM_A060""}",rules-plus-llm-narrative,v1.0,0.84,2026-07-01
REASON_HH_H0001,RECOMMENDATION,REC_HH_H0001,"[""Resolve persona and scope"", ""Retrieve target subgraph"", ""Read feature snapshot"", ""Score prediction and opportunity"", ""Validate eligibility"", ""Generate action""]","{""feature_snapshot_id"": ""FS_HH_H0001_202607"", ""target_type"": ""HOUSEHOLD"", ""target_id"": ""H0001"", ""score"": 43, ""severity"": ""ATTENTION""}",rules-plus-llm-narrative,v1.1,0.84,2026-07-01
REASON_HH_H0002,RECOMMENDATION,REC_HH_H0002,"[""Resolve persona and scope"", ""Retrieve target subgraph"", ""Read feature snapshot"", ""Score prediction and opportunity"", ""Validate eligibility"", ""Generate action""]","{""feature_snapshot_id"": ""FS_HH_H0002_202607"", ""target_type"": ""HOUSEHOLD"", ""target_id"": ""H0002"", ""score"": 54, ""severity"": ""ATTENTION""}",rules-plus-llm-narrative,v1.1,0.84,2026-07-01
REASON_HH_H0003,RECOMMENDATION,REC_HH_H0003,"[""Resolve persona and scope"", ""Retrieve target subgraph"", ""Read feature snapshot"", ""Score prediction and opportunity"", ""Validate eligibility"", ""Generate action""]","{""feature_snapshot_id"": ""FS_HH_H0003_202607"", ""target_type"": ""HOUSEHOLD"", ""target_id"": ""H0003"", ""score"": 65, ""severity"": ""ATTENTION""}",rules-plus-llm-narrative,v1.1,0.84,2026-07-01
REASON_HH_H0004,RECOMMENDATION,REC_HH_H0004,"[""Resolve persona and scope"", ""Retrieve target subgraph"", ""Read feature snapshot"", ""Score prediction and opportunity"", ""Validate eligibility"", ""Generate action""]","{""feature_snapshot_id"": ""FS_HH_H0004_202607"", ""target_type"": ""HOUSEHOLD"", ""target_id"": ""H0004"", ""score"": 76, ""severity"": ""URGENT""}",rules-plus-llm-narrative,v1.1,0.84,2026-07-01
REASON_HH_H0005,RECOMMENDATION,REC_HH_H0005,"[""Resolve persona and scope"", ""Retrieve target subgraph"", ""Read feature snapshot"", ""Score prediction and opportunity"", ""Validate eligibility"", ""Generate action""]","{""feature_snapshot_id"": ""FS_HH_H0005_202607"", ""target_type"": ""HOUSEHOLD"", ""target_id"": ""H0005"", ""score"": 87, ""severity"": ""CRITICAL""}",rules-plus-llm-narrative,v1.1,0.84,2026-07-01
REASON_HH_H0006,RECOMMENDATION,REC_HH_H0006,"[""Resolve persona and scope"", ""Retrieve target subgraph"", ""Read feature snapshot"", ""Score prediction and opportunity"", ""Validate eligibility"", ""Generate action""]","{""feature_snapshot_id"": ""FS_HH_H0006_202607"", ""target_type"": ""HOUSEHOLD"", ""target_id"": ""H0006"", ""score"": 32, ""severity"": ""INFO""}",rules-plus-llm-narrative,v1.1,0.84,2026-07-01
REASON_HH_H0007,RECOMMENDATION,REC_HH_H0007,"[""Resolve persona and scope"", ""Retrieve target subgraph"", ""Read feature snapshot"", ""Score prediction and opportunity"", ""Validate eligibility"", ""Generate action""]","{""feature_snapshot_id"": ""FS_HH_H0007_202607"", ""target_type"": ""HOUSEHOLD"", ""target_id"": ""H0007"", ""score"": 43, ""severity"": ""ATTENTION""}",rules-plus-llm-narrative,v1.1,0.84,2026-07-01
REASON_HH_H0008,RECOMMENDATION,REC_HH_H0008,"[""Resolve persona and scope"", ""Retrieve target subgraph"", ""Read feature snapshot"", ""Score prediction and opportunity"", ""Validate eligibility"", ""Generate action""]","{""feature_snapshot_id"": ""FS_HH_H0008_202607"", ""target_type"": ""HOUSEHOLD"", ""target_id"": ""H0008"", ""score"": 54, ""severity"": ""ATTENTION""}",rules-plus-llm-narrative,v1.1,0.84,2026-07-01
REASON_HH_H0009,RECOMMENDATION,REC_HH_H0009,"[""Resolve persona and scope"", ""Retrieve target subgraph"", ""Read feature snapshot"", ""Score prediction and opportunity"", ""Validate eligibility"", ""Generate action""]","{""feature_snapshot_id"": ""FS_HH_H0009_202607"", ""target_type"": ""HOUSEHOLD"", ""target_id"": ""H0009"", ""score"": 65, ""severity"": ""ATTENTION""}",rules-plus-llm-narrative,v1.1,0.84,2026-07-01
REASON_HH_H0010,RECOMMENDATION,REC_HH_H0010,"[""Resolve persona and scope"", ""Retrieve target subgraph"", ""Read feature snapshot"", ""Score prediction and opportunity"", ""Validate eligibility"", ""Generate action""]","{""feature_snapshot_id"": ""FS_HH_H0010_202607"", ""target_type"": ""HOUSEHOLD"", ""target_id"": ""H0010"", ""score"": 76, ""severity"": ""URGENT""}",rules-plus-llm-narrative,v1.1,0.84,2026-07-01
REASON_HH_H0011,RECOMMENDATION,REC_HH_H0011,"[""Resolve persona and scope"", ""Retrieve target subgraph"", ""Read feature snapshot"", ""Score prediction and opportunity"", ""Validate eligibility"", ""Generate action""]","{""feature_snapshot_id"": ""FS_HH_H0011_202607"", ""target_type"": ""HOUSEHOLD"", ""target_id"": ""H0011"", ""score"": 87, ""severity"": ""CRITICAL""}",rules-plus-llm-narrative,v1.1,0.84,2026-07-01
REASON_HH_H0012,RECOMMENDATION,REC_HH_H0012,"[""Resolve persona and scope"", ""Retrieve target subgraph"", ""Read feature snapshot"", ""Score prediction and opportunity"", ""Validate eligibility"", ""Generate action""]","{""feature_snapshot_id"": ""FS_HH_H0012_202607"", ""target_type"": ""HOUSEHOLD"", ""target_id"": ""H0012"", ""score"": 32, ""severity"": ""INFO""}",rules-plus-llm-narrative,v1.1,0.84,2026-07-01
REASON_HH_H0013,RECOMMENDATION,REC_HH_H0013,"[""Resolve persona and scope"", ""Retrieve target subgraph"", ""Read feature snapshot"", ""Score prediction and opportunity"", ""Validate eligibility"", ""Generate action""]","{""feature_snapshot_id"": ""FS_HH_H0013_202607"", ""target_type"": ""HOUSEHOLD"", ""target_id"": ""H0013"", ""score"": 43, ""severity"": ""ATTENTION""}",rules-plus-llm-narrative,v1.1,0.84,2026-07-01
REASON_HH_H0014,RECOMMENDATION,REC_HH_H0014,"[""Resolve persona and scope"", ""Retrieve target subgraph"", ""Read feature snapshot"", ""Score prediction and opportunity"", ""Validate eligibility"", ""Generate action""]","{""feature_snapshot_id"": ""FS_HH_H0014_202607"", ""target_type"": ""HOUSEHOLD"", ""target_id"": ""H0014"", ""score"": 54, ""severity"": ""ATTENTION""}",rules-plus-llm-narrative,v1.1,0.84,2026-07-01
REASON_HH_H0015,RECOMMENDATION,REC_HH_H0015,"[""Resolve persona and scope"", ""Retrieve target subgraph"", ""Read feature snapshot"", ""Score prediction and opportunity"", ""Validate eligibility"", ""Generate action""]","{""feature_snapshot_id"": ""FS_HH_H0015_202607"", ""target_type"": ""HOUSEHOLD"", ""target_id"": ""H0015"", ""score"": 65, ""severity"": ""ATTENTION""}",rules-plus-llm-narrative,v1.1,0.84,2026-07-01
REASON_HH_H0016,RECOMMENDATION,REC_HH_H0016,"[""Resolve persona and scope"", ""Retrieve target subgraph"", ""Read feature snapshot"", ""Score prediction and opportunity"", ""Validate eligibility"", ""Generate action""]","{""feature_snapshot_id"": ""FS_HH_H0016_202607"", ""target_type"": ""HOUSEHOLD"", ""target_id"": ""H0016"", ""score"": 76, ""severity"": ""URGENT""}",rules-plus-llm-narrative,v1.1,0.84,2026-07-01
REASON_HH_H0017,RECOMMENDATION,REC_HH_H0017,"[""Resolve persona and scope"", ""Retrieve target subgraph"", ""Read feature snapshot"", ""Score prediction and opportunity"", ""Validate eligibility"", ""Generate action""]","{""feature_snapshot_id"": ""FS_HH_H0017_202607"", ""target_type"": ""HOUSEHOLD"", ""target_id"": ""H0017"", ""score"": 87, ""severity"": ""CRITICAL""}",rules-plus-llm-narrative,v1.1,0.84,2026-07-01
REASON_HH_H0018,RECOMMENDATION,REC_HH_H0018,"[""Resolve persona and scope"", ""Retrieve target subgraph"", ""Read feature snapshot"", ""Score prediction and opportunity"", ""Validate eligibility"", ""Generate action""]","{""feature_snapshot_id"": ""FS_HH_H0018_202607"", ""target_type"": ""HOUSEHOLD"", ""target_id"": ""H0018"", ""score"": 32, ""severity"": ""INFO""}",rules-plus-llm-narrative,v1.1,0.84,2026-07-01
REASON_HH_H0019,RECOMMENDATION,REC_HH_H0019,"[""Resolve persona and scope"", ""Retrieve target subgraph"", ""Read feature snapshot"", ""Score prediction and opportunity"", ""Validate eligibility"", ""Generate action""]","{""feature_snapshot_id"": ""FS_HH_H0019_202607"", ""target_type"": ""HOUSEHOLD"", ""target_id"": ""H0019"", ""score"": 43, ""severity"": ""ATTENTION""}",rules-plus-llm-narrative,v1.1,0.84,2026-07-01
REASON_HH_H0020,RECOMMENDATION,REC_HH_H0020,"[""Resolve persona and scope"", ""Retrieve target subgraph"", ""Read feature snapshot"", ""Score prediction and opportunity"", ""Validate eligibility"", ""Generate action""]","{""feature_snapshot_id"": ""FS_HH_H0020_202607"", ""target_type"": ""HOUSEHOLD"", ""target_id"": ""H0020"", ""score"": 54, ""severity"": ""ATTENTION""}",rules-plus-llm-narrative,v1.1,0.84,2026-07-01
REASON_HH_H0021,RECOMMENDATION,REC_HH_H0021,"[""Resolve persona and scope"", ""Retrieve target subgraph"", ""Read feature snapshot"", ""Score prediction and opportunity"", ""Validate eligibility"", ""Generate action""]","{""feature_snapshot_id"": ""FS_HH_H0021_202607"", ""target_type"": ""HOUSEHOLD"", ""target_id"": ""H0021"", ""score"": 65, ""severity"": ""ATTENTION""}",rules-plus-llm-narrative,v1.1,0.84,2026-07-01
REASON_HH_H0022,RECOMMENDATION,REC_HH_H0022,"[""Resolve persona and scope"", ""Retrieve target subgraph"", ""Read feature snapshot"", ""Score prediction and opportunity"", ""Validate eligibility"", ""Generate action""]","{""feature_snapshot_id"": ""FS_HH_H0022_202607"", ""target_type"": ""HOUSEHOLD"", ""target_id"": ""H0022"", ""score"": 76, ""severity"": ""URGENT""}",rules-plus-llm-narrative,v1.1,0.84,2026-07-01
REASON_HH_H0023,RECOMMENDATION,REC_HH_H0023,"[""Resolve persona and scope"", ""Retrieve target subgraph"", ""Read feature snapshot"", ""Score prediction and opportunity"", ""Validate eligibility"", ""Generate action""]","{""feature_snapshot_id"": ""FS_HH_H0023_202607"", ""target_type"": ""HOUSEHOLD"", ""target_id"": ""H0023"", ""score"": 87, ""severity"": ""CRITICAL""}",rules-plus-llm-narrative,v1.1,0.84,2026-07-01
REASON_HH_H0024,RECOMMENDATION,REC_HH_H0024,"[""Resolve persona and scope"", ""Retrieve target subgraph"", ""Read feature snapshot"", ""Score prediction and opportunity"", ""Validate eligibility"", ""Generate action""]","{""feature_snapshot_id"": ""FS_HH_H0024_202607"", ""target_type"": ""HOUSEHOLD"", ""target_id"": ""H0024"", ""score"": 32, ""severity"": ""INFO""}",rules-plus-llm-narrative,v1.1,0.84,2026-07-01
REASON_HH_H0025,RECOMMENDATION,REC_HH_H0025,"[""Resolve persona and scope"", ""Retrieve target subgraph"", ""Read feature snapshot"", ""Score prediction and opportunity"", ""Validate eligibility"", ""Generate action""]","{""feature_snapshot_id"": ""FS_HH_H0025_202607"", ""target_type"": ""HOUSEHOLD"", ""target_id"": ""H0025"", ""score"": 43, ""severity"": ""ATTENTION""}",rules-plus-llm-narrative,v1.1,0.84,2026-07-01
REASON_HH_H0026,RECOMMENDATION,REC_HH_H0026,"[""Resolve persona and scope"", ""Retrieve target subgraph"", ""Read feature snapshot"", ""Score prediction and opportunity"", ""Validate eligibility"", ""Generate action""]","{""feature_snapshot_id"": ""FS_HH_H0026_202607"", ""target_type"": ""HOUSEHOLD"", ""target_id"": ""H0026"", ""score"": 54, ""severity"": ""ATTENTION""}",rules-plus-llm-narrative,v1.1,0.84,2026-07-01
REASON_HH_H0027,RECOMMENDATION,REC_HH_H0027,"[""Resolve persona and scope"", ""Retrieve target subgraph"", ""Read feature snapshot"", ""Score prediction and opportunity"", ""Validate eligibility"", ""Generate action""]","{""feature_snapshot_id"": ""FS_HH_H0027_202607"", ""target_type"": ""HOUSEHOLD"", ""target_id"": ""H0027"", ""score"": 65, ""severity"": ""ATTENTION""}",rules-plus-llm-narrative,v1.1,0.84,2026-07-01
REASON_HH_H0028,RECOMMENDATION,REC_HH_H0028,"[""Resolve persona and scope"", ""Retrieve target subgraph"", ""Read feature snapshot"", ""Score prediction and opportunity"", ""Validate eligibility"", ""Generate action""]","{""feature_snapshot_id"": ""FS_HH_H0028_202607"", ""target_type"": ""HOUSEHOLD"", ""target_id"": ""H0028"", ""score"": 76, ""severity"": ""URGENT""}",rules-plus-llm-narrative,v1.1,0.84,2026-07-01
REASON_HH_H0029,RECOMMENDATION,REC_HH_H0029,"[""Resolve persona and scope"", ""Retrieve target subgraph"", ""Read feature snapshot"", ""Score prediction and opportunity"", ""Validate eligibility"", ""Generate action""]","{""feature_snapshot_id"": ""FS_HH_H0029_202607"", ""target_type"": ""HOUSEHOLD"", ""target_id"": ""H0029"", ""score"": 87, ""severity"": ""CRITICAL""}",rules-plus-llm-narrative,v1.1,0.84,2026-07-01
REASON_HH_H0030,RECOMMENDATION,REC_HH_H0030,"[""Resolve persona and scope"", ""Retrieve target subgraph"", ""Read feature snapshot"", ""Score prediction and opportunity"", ""Validate eligibility"", ""Generate action""]","{""feature_snapshot_id"": ""FS_HH_H0030_202607"", ""target_type"": ""HOUSEHOLD"", ""target_id"": ""H0030"", ""score"": 32, ""severity"": ""INFO""}",rules-plus-llm-narrative,v1.1,0.84,2026-07-01
REASON_AC_AC00001,RECOMMENDATION,REC_AC_AC00001,"[""Resolve persona and scope"", ""Retrieve target subgraph"", ""Read feature snapshot"", ""Score prediction and opportunity"", ""Validate eligibility"", ""Generate action""]","{""feature_snapshot_id"": ""FS_AC_AC00001_202607"", ""target_type"": ""ACCOUNT"", ""target_id"": ""AC00001"", ""score"": 43, ""severity"": ""ATTENTION""}",rules-plus-llm-narrative,v1.1,0.84,2026-07-01
REASON_AC_AC00002,RECOMMENDATION,REC_AC_AC00002,"[""Resolve persona and scope"", ""Retrieve target subgraph"", ""Read feature snapshot"", ""Score prediction and opportunity"", ""Validate eligibility"", ""Generate action""]","{""feature_snapshot_id"": ""FS_AC_AC00002_202607"", ""target_type"": ""ACCOUNT"", ""target_id"": ""AC00002"", ""score"": 54, ""severity"": ""ATTENTION""}",rules-plus-llm-narrative,v1.1,0.84,2026-07-01
REASON_AC_AC00003,RECOMMENDATION,REC_AC_AC00003,"[""Resolve persona and scope"", ""Retrieve target subgraph"", ""Read feature snapshot"", ""Score prediction and opportunity"", ""Validate eligibility"", ""Generate action""]","{""feature_snapshot_id"": ""FS_AC_AC00003_202607"", ""target_type"": ""ACCOUNT"", ""target_id"": ""AC00003"", ""score"": 65, ""severity"": ""ATTENTION""}",rules-plus-llm-narrative,v1.1,0.84,2026-07-01
REASON_AC_AC00004,RECOMMENDATION,REC_AC_AC00004,"[""Resolve persona and scope"", ""Retrieve target subgraph"", ""Read feature snapshot"", ""Score prediction and opportunity"", ""Validate eligibility"", ""Generate action""]","{""feature_snapshot_id"": ""FS_AC_AC00004_202607"", ""target_type"": ""ACCOUNT"", ""target_id"": ""AC00004"", ""score"": 76, ""severity"": ""URGENT""}",rules-plus-llm-narrative,v1.1,0.84,2026-07-01
REASON_AC_AC00005,RECOMMENDATION,REC_AC_AC00005,"[""Resolve persona and scope"", ""Retrieve target subgraph"", ""Read feature snapshot"", ""Score prediction and opportunity"", ""Validate eligibility"", ""Generate action""]","{""feature_snapshot_id"": ""FS_AC_AC00005_202607"", ""target_type"": ""ACCOUNT"", ""target_id"": ""AC00005"", ""score"": 87, ""severity"": ""CRITICAL""}",rules-plus-llm-narrative,v1.1,0.84,2026-07-01
REASON_AC_AC00006,RECOMMENDATION,REC_AC_AC00006,"[""Resolve persona and scope"", ""Retrieve target subgraph"", ""Read feature snapshot"", ""Score prediction and opportunity"", ""Validate eligibility"", ""Generate action""]","{""feature_snapshot_id"": ""FS_AC_AC00006_202607"", ""target_type"": ""ACCOUNT"", ""target_id"": ""AC00006"", ""score"": 32, ""severity"": ""INFO""}",rules-plus-llm-narrative,v1.1,0.84,2026-07-01
REASON_AC_AC00007,RECOMMENDATION,REC_AC_AC00007,"[""Resolve persona and scope"", ""Retrieve target subgraph"", ""Read feature snapshot"", ""Score prediction and opportunity"", ""Validate eligibility"", ""Generate action""]","{""feature_snapshot_id"": ""FS_AC_AC00007_202607"", ""target_type"": ""ACCOUNT"", ""target_id"": ""AC00007"", ""score"": 43, ""severity"": ""ATTENTION""}",rules-plus-llm-narrative,v1.1,0.84,2026-07-01
REASON_AC_AC00008,RECOMMENDATION,REC_AC_AC00008,"[""Resolve persona and scope"", ""Retrieve target subgraph"", ""Read feature snapshot"", ""Score prediction and opportunity"", ""Validate eligibility"", ""Generate action""]","{""feature_snapshot_id"": ""FS_AC_AC00008_202607"", ""target_type"": ""ACCOUNT"", ""target_id"": ""AC00008"", ""score"": 54, ""severity"": ""ATTENTION""}",rules-plus-llm-narrative,v1.1,0.84,2026-07-01
REASON_AC_AC00009,RECOMMENDATION,REC_AC_AC00009,"[""Resolve persona and scope"", ""Retrieve target subgraph"", ""Read feature snapshot"", ""Score prediction and opportunity"", ""Validate eligibility"", ""Generate action""]","{""feature_snapshot_id"": ""FS_AC_AC00009_202607"", ""target_type"": ""ACCOUNT"", ""target_id"": ""AC00009"", ""score"": 65, ""severity"": ""ATTENTION""}",rules-plus-llm-narrative,v1.1,0.84,2026-07-01
REASON_AC_AC00010,RECOMMENDATION,REC_AC_AC00010,"[""Resolve persona and scope"", ""Retrieve target subgraph"", ""Read feature snapshot"", ""Score prediction and opportunity"", ""Validate eligibility"", ""Generate action""]","{""feature_snapshot_id"": ""FS_AC_AC00010_202607"", ""target_type"": ""ACCOUNT"", ""target_id"": ""AC00010"", ""score"": 76, ""severity"": ""URGENT""}",rules-plus-llm-narrative,v1.1,0.84,2026-07-01
REASON_AC_AC00011,RECOMMENDATION,REC_AC_AC00011,"[""Resolve persona and scope"", ""Retrieve target subgraph"", ""Read feature snapshot"", ""Score prediction and opportunity"", ""Validate eligibility"", ""Generate action""]","{""feature_snapshot_id"": ""FS_AC_AC00011_202607"", ""target_type"": ""ACCOUNT"", ""target_id"": ""AC00011"", ""score"": 87, ""severity"": ""CRITICAL""}",rules-plus-llm-narrative,v1.1,0.84,2026-07-01
REASON_AC_AC00012,RECOMMENDATION,REC_AC_AC00012,"[""Resolve persona and scope"", ""Retrieve target subgraph"", ""Read feature snapshot"", ""Score prediction and opportunity"", ""Validate eligibility"", ""Generate action""]","{""feature_snapshot_id"": ""FS_AC_AC00012_202607"", ""target_type"": ""ACCOUNT"", ""target_id"": ""AC00012"", ""score"": 32, ""severity"": ""INFO""}",rules-plus-llm-narrative,v1.1,0.84,2026-07-01
REASON_AC_AC00013,RECOMMENDATION,REC_AC_AC00013,"[""Resolve persona and scope"", ""Retrieve target subgraph"", ""Read feature snapshot"", ""Score prediction and opportunity"", ""Validate eligibility"", ""Generate action""]","{""feature_snapshot_id"": ""FS_AC_AC00013_202607"", ""target_type"": ""ACCOUNT"", ""target_id"": ""AC00013"", ""score"": 43, ""severity"": ""ATTENTION""}",rules-plus-llm-narrative,v1.1,0.84,2026-07-01
REASON_AC_AC00014,RECOMMENDATION,REC_AC_AC00014,"[""Resolve persona and scope"", ""Retrieve target subgraph"", ""Read feature snapshot"", ""Score prediction and opportunity"", ""Validate eligibility"", ""Generate action""]","{""feature_snapshot_id"": ""FS_AC_AC00014_202607"", ""target_type"": ""ACCOUNT"", ""target_id"": ""AC00014"", ""score"": 54, ""severity"": ""ATTENTION""}",rules-plus-llm-narrative,v1.1,0.84,2026-07-01
REASON_AC_AC00015,RECOMMENDATION,REC_AC_AC00015,"[""Resolve persona and scope"", ""Retrieve target subgraph"", ""Read feature snapshot"", ""Score prediction and opportunity"", ""Validate eligibility"", ""Generate action""]","{""feature_snapshot_id"": ""FS_AC_AC00015_202607"", ""target_type"": ""ACCOUNT"", ""target_id"": ""AC00015"", ""score"": 65, ""severity"": ""ATTENTION""}",rules-plus-llm-narrative,v1.1,0.84,2026-07-01
REASON_AC_AC00016,RECOMMENDATION,REC_AC_AC00016,"[""Resolve persona and scope"", ""Retrieve target subgraph"", ""Read feature snapshot"", ""Score prediction and opportunity"", ""Validate eligibility"", ""Generate action""]","{""feature_snapshot_id"": ""FS_AC_AC00016_202607"", ""target_type"": ""ACCOUNT"", ""target_id"": ""AC00016"", ""score"": 76, ""severity"": ""URGENT""}",rules-plus-llm-narrative,v1.1,0.84,2026-07-01
REASON_AC_AC00017,RECOMMENDATION,REC_AC_AC00017,"[""Resolve persona and scope"", ""Retrieve target subgraph"", ""Read feature snapshot"", ""Score prediction and opportunity"", ""Validate eligibility"", ""Generate action""]","{""feature_snapshot_id"": ""FS_AC_AC00017_202607"", ""target_type"": ""ACCOUNT"", ""target_id"": ""AC00017"", ""score"": 87, ""severity"": ""CRITICAL""}",rules-plus-llm-narrative,v1.1,0.84,2026-07-01
REASON_AC_AC00018,RECOMMENDATION,REC_AC_AC00018,"[""Resolve persona and scope"", ""Retrieve target subgraph"", ""Read feature snapshot"", ""Score prediction and opportunity"", ""Validate eligibility"", ""Generate action""]","{""feature_snapshot_id"": ""FS_AC_AC00018_202607"", ""target_type"": ""ACCOUNT"", ""target_id"": ""AC00018"", ""score"": 32, ""severity"": ""INFO""}",rules-plus-llm-narrative,v1.1,0.84,2026-07-01
REASON_AC_AC00019,RECOMMENDATION,REC_AC_AC00019,"[""Resolve persona and scope"", ""Retrieve target subgraph"", ""Read feature snapshot"", ""Score prediction and opportunity"", ""Validate eligibility"", ""Generate action""]","{""feature_snapshot_id"": ""FS_AC_AC00019_202607"", ""target_type"": ""ACCOUNT"", ""target_id"": ""AC00019"", ""score"": 43, ""severity"": ""ATTENTION""}",rules-plus-llm-narrative,v1.1,0.84,2026-07-01
REASON_AC_AC00020,RECOMMENDATION,REC_AC_AC00020,"[""Resolve persona and scope"", ""Retrieve target subgraph"", ""Read feature snapshot"", ""Score prediction and opportunity"", ""Validate eligibility"", ""Generate action""]","{""feature_snapshot_id"": ""FS_AC_AC00020_202607"", ""target_type"": ""ACCOUNT"", ""target_id"": ""AC00020"", ""score"": 54, ""severity"": ""ATTENTION""}",rules-plus-llm-narrative,v1.1,0.84,2026-07-01
REASON_AC_AC00021,RECOMMENDATION,REC_AC_AC00021,"[""Resolve persona and scope"", ""Retrieve target subgraph"", ""Read feature snapshot"", ""Score prediction and opportunity"", ""Validate eligibility"", ""Generate action""]","{""feature_snapshot_id"": ""FS_AC_AC00021_202607"", ""target_type"": ""ACCOUNT"", ""target_id"": ""AC00021"", ""score"": 65, ""severity"": ""ATTENTION""}",rules-plus-llm-narrative,v1.1,0.84,2026-07-01
REASON_AC_AC00022,RECOMMENDATION,REC_AC_AC00022,"[""Resolve persona and scope"", ""Retrieve target subgraph"", ""Read feature snapshot"", ""Score prediction and opportunity"", ""Validate eligibility"", ""Generate action""]","{""feature_snapshot_id"": ""FS_AC_AC00022_202607"", ""target_type"": ""ACCOUNT"", ""target_id"": ""AC00022"", ""score"": 76, ""severity"": ""URGENT""}",rules-plus-llm-narrative,v1.1,0.84,2026-07-01
REASON_AC_AC00023,RECOMMENDATION,REC_AC_AC00023,"[""Resolve persona and scope"", ""Retrieve target subgraph"", ""Read feature snapshot"", ""Score prediction and opportunity"", ""Validate eligibility"", ""Generate action""]","{""feature_snapshot_id"": ""FS_AC_AC00023_202607"", ""target_type"": ""ACCOUNT"", ""target_id"": ""AC00023"", ""score"": 87, ""severity"": ""CRITICAL""}",rules-plus-llm-narrative,v1.1,0.84,2026-07-01
REASON_AC_AC00024,RECOMMENDATION,REC_AC_AC00024,"[""Resolve persona and scope"", ""Retrieve target subgraph"", ""Read feature snapshot"", ""Score prediction and opportunity"", ""Validate eligibility"", ""Generate action""]","{""feature_snapshot_id"": ""FS_AC_AC00024_202607"", ""target_type"": ""ACCOUNT"", ""target_id"": ""AC00024"", ""score"": 32, ""severity"": ""INFO""}",rules-plus-llm-narrative,v1.1,0.84,2026-07-01
REASON_AC_AC00025,RECOMMENDATION,REC_AC_AC00025,"[""Resolve persona and scope"", ""Retrieve target subgraph"", ""Read feature snapshot"", ""Score prediction and opportunity"", ""Validate eligibility"", ""Generate action""]","{""feature_snapshot_id"": ""FS_AC_AC00025_202607"", ""target_type"": ""ACCOUNT"", ""target_id"": ""AC00025"", ""score"": 43, ""severity"": ""ATTENTION""}",rules-plus-llm-narrative,v1.1,0.84,2026-07-01
REASON_AC_AC00026,RECOMMENDATION,REC_AC_AC00026,"[""Resolve persona and scope"", ""Retrieve target subgraph"", ""Read feature snapshot"", ""Score prediction and opportunity"", ""Validate eligibility"", ""Generate action""]","{""feature_snapshot_id"": ""FS_AC_AC00026_202607"", ""target_type"": ""ACCOUNT"", ""target_id"": ""AC00026"", ""score"": 54, ""severity"": ""ATTENTION""}",rules-plus-llm-narrative,v1.1,0.84,2026-07-01
REASON_AC_AC00027,RECOMMENDATION,REC_AC_AC00027,"[""Resolve persona and scope"", ""Retrieve target subgraph"", ""Read feature snapshot"", ""Score prediction and opportunity"", ""Validate eligibility"", ""Generate action""]","{""feature_snapshot_id"": ""FS_AC_AC00027_202607"", ""target_type"": ""ACCOUNT"", ""target_id"": ""AC00027"", ""score"": 65, ""severity"": ""ATTENTION""}",rules-plus-llm-narrative,v1.1,0.84,2026-07-01
REASON_AC_AC00028,RECOMMENDATION,REC_AC_AC00028,"[""Resolve persona and scope"", ""Retrieve target subgraph"", ""Read feature snapshot"", ""Score prediction and opportunity"", ""Validate eligibility"", ""Generate action""]","{""feature_snapshot_id"": ""FS_AC_AC00028_202607"", ""target_type"": ""ACCOUNT"", ""target_id"": ""AC00028"", ""score"": 76, ""severity"": ""URGENT""}",rules-plus-llm-narrative,v1.1,0.84,2026-07-01
REASON_AC_AC00029,RECOMMENDATION,REC_AC_AC00029,"[""Resolve persona and scope"", ""Retrieve target subgraph"", ""Read feature snapshot"", ""Score prediction and opportunity"", ""Validate eligibility"", ""Generate action""]","{""feature_snapshot_id"": ""FS_AC_AC00029_202607"", ""target_type"": ""ACCOUNT"", ""target_id"": ""AC00029"", ""score"": 87, ""severity"": ""CRITICAL""}",rules-plus-llm-narrative,v1.1,0.84,2026-07-01
REASON_AC_AC00030,RECOMMENDATION,REC_AC_AC00030,"[""Resolve persona and scope"", ""Retrieve target subgraph"", ""Read feature snapshot"", ""Score prediction and opportunity"", ""Validate eligibility"", ""Generate action""]","{""feature_snapshot_id"": ""FS_AC_AC00030_202607"", ""target_type"": ""ACCOUNT"", ""target_id"": ""AC00030"", ""score"": 32, ""severity"": ""INFO""}",rules-plus-llm-narrative,v1.1,0.84,2026-07-01
